order_id,customer_id,product_id,order_date,delivery_date,order_status,quantity,order_value,delivery_days,return_status,return_reason
ORD00001,C1044,P011,2025-10-22,2025-10-30,Delivered,2,4398,8,Not Returned,
ORD00002,C1258,P010,2026-03-30,2026-04-01,Delivered,1,2599,2,Not Returned,
ORD00003,C1301,P010,2025-09-08,2025-09-13,Delivered,1,2599,5,Not Returned,
ORD00004,C1079,P005,2025-08-29,2025-09-05,Delivered,1,3499,7,Not Returned,
ORD00005,C1373,P004,2026-02-14,2026-02-19,Delivered,2,4598,5,Not Returned,
ORD00006,C1282,P008,2026-05-27,,Cancelled,1,3699,,Not Returned,
ORD00007,C1338,P005,2026-07-13,2026-07-19,Delivered,1,3499,6,Not Returned,
ORD00008,C1427,P004,2026-01-21,2026-01-24,Returned,1,2299,3,Returned,Quality issue
ORD00009,C1036,P006,2025-11-17,2025-11-19,Delivered,1,2799,2,Not Returned,
ORD00010,C1236,P010,2026-07-17,2026-07-24,Delivered,1,2599,7,Not Returned,
ORD00011,C1028,P007,2026-01-11,2026-01-14,Delivered,1,1499,3,Not Returned,
ORD00012,C1290,P004,2025-09-11,2025-09-14,Delivered,2,4598,3,Not Returned,
ORD00013,C1126,P012,2026-02-03,2026-02-06,Returned,1,2999,3,Returned,Quality issue
ORD00014,C1459,P012,2026-06-09,2026-06-11,Delivered,1,2999,2,Not Returned,
ORD00015,C1024,P010,2026-03-18,2026-03-23,Delivered,1,2599,5,Not Returned,
ORD00016,C1197,P002,2025-11-12,2025-11-23,Delivered,1,3199,11,Not Returned,
ORD00017,C1349,P007,2026-06-27,2026-06-28,Returned,1,1499,1,Returned,Size issue
ORD00018,C1080,P009,2026-01-09,2026-01-12,Delivered,1,2899,3,Not Returned,
ORD00019,C1320,P008,2025-08-27,2025-09-04,Delivered,1,3699,8,Not Returned,
ORD00020,C1390,P005,2026-07-19,2026-07-22,Delivered,1,3499,3,Not Returned,
ORD00021,C1185,P003,2026-05-29,2026-06-05,Delivered,1,1999,7,Not Returned,
ORD00022,C1040,P005,2025-12-26,2025-12-29,Delivered,1,3499,3,Not Returned,
ORD00023,C1084,P002,2026-05-01,2026-05-08,Delivered,2,6398,7,Not Returned,
ORD00024,C1276,P005,2026-05-23,2026-05-27,Delivered,1,3499,4,Not Returned,
ORD00025,C1460,P012,2026-08-14,2026-08-17,Delivered,1,2999,3,Not Returned,
ORD00026,C1010,P009,2026-04-14,2026-04-16,Delivered,1,2899,2,Not Returned,
ORD00027,C1034,P010,2026-06-05,2026-06-09,Delivered,1,2599,4,Not Returned,
ORD00028,C1248,P001,2026-02-11,2026-02-15,Delivered,1,2499,4,Not Returned,
ORD00029,C1208,P004,2026-05-29,2026-06-01,Delivered,1,2299,3,Not Returned,
ORD00030,C1442,P004,2025-10-13,2025-10-14,Delivered,1,2299,1,Not Returned,
ORD00031,C1441,P012,2025-09-22,2025-09-27,Delivered,1,2999,5,Not Returned,
ORD00032,C1142,P002,2025-12-31,2026-01-04,Delivered,1,3199,4,Not Returned,
ORD00033,C1276,P008,2025-12-31,2026-01-01,Delivered,1,3699,1,Not Returned,
ORD00034,C1109,P001,2025-10-12,2025-10-18,Delivered,1,2499,6,Not Returned,
ORD00035,C1232,P007,2025-09-25,2025-09-26,Delivered,2,2998,1,Not Returned,
ORD00036,C1097,P005,2026-03-30,2026-04-07,Delivered,1,3499,8,Not Returned,
ORD00037,C1299,P005,2025-12-15,2025-12-17,Delivered,1,3499,2,Not Returned,
ORD00038,C1041,P008,2026-05-10,2026-05-13,Delivered,3,11097,3,Not Returned,
ORD00039,C1291,P003,2025-09-30,2025-10-08,Delivered,2,3998,8,Not Returned,
ORD00040,C1267,P004,2026-06-18,2026-06-28,Delivered,1,2299,10,Not Returned,
ORD00041,C1330,P006,2026-01-06,2026-01-09,Delivered,1,2799,3,Not Returned,
ORD00042,C1318,P005,2026-04-17,2026-04-19,Returned,1,3499,2,Returned,Late delivery
ORD00043,C1035,P010,2025-10-16,2025-10-17,Delivered,1,2599,1,Not Returned,
ORD00044,C1413,P004,2026-03-03,2026-03-16,Delivered,1,2299,13,Not Returned,
ORD00045,C1135,P011,2026-05-23,2026-05-26,Delivered,2,4398,3,Not Returned,
ORD00046,C1175,P002,2025-10-19,2025-10-21,Delivered,1,3199,2,Not Returned,
ORD00047,C1424,P004,2026-08-12,2026-08-28,Delivered,1,2299,16,Not Returned,
ORD00048,C1134,P005,2025-09-17,2025-09-19,Delivered,1,3499,2,Not Returned,
ORD00049,C1353,P003,2026-04-09,2026-04-12,Delivered,2,3998,3,Not Returned,
ORD00050,C1065,P003,2026-06-01,2026-06-02,Returned,1,1999,1,Returned,Quality issue
ORD00051,C1127,P001,2026-01-30,2026-02-06,Returned,1,2499,7,Returned,Wrong product
ORD00052,C1079,P011,2025-10-17,2025-10-19,Returned,1,2199,2,Returned,Quality issue
ORD00053,C1410,P004,2025-11-17,2025-11-21,Delivered,2,4598,4,Not Returned,
ORD00054,C1019,P011,2025-12-31,2026-01-04,Delivered,1,2199,4,Not Returned,
ORD00055,C1116,P008,2025-12-17,2025-12-22,Delivered,2,7398,5,Not Returned,
ORD00056,C1395,P004,2025-09-07,2025-09-09,Delivered,1,2299,2,Not Returned,
ORD00057,C1449,P005,2026-02-21,2026-02-22,Returned,1,3499,1,Returned,Comfort issue
ORD00058,C1055,P005,2025-11-25,,Cancelled,1,3499,,Not Returned,
ORD00059,C1197,P010,2026-04-05,2026-04-09,Delivered,1,2599,4,Not Returned,
ORD00060,C1266,P010,2025-12-01,2025-12-03,Delivered,1,2599,2,Not Returned,
ORD00061,C1160,P009,2026-08-12,2026-08-15,Delivered,1,2899,3,Not Returned,
ORD00062,C1356,P011,2025-10-28,2025-11-02,Delivered,1,2199,5,Not Returned,
ORD00063,C1089,P005,2026-06-05,2026-06-10,Delivered,1,3499,5,Not Returned,
ORD00064,C1155,P010,2026-06-13,2026-06-20,Delivered,2,5198,7,Not Returned,
ORD00065,C1345,P005,2025-12-11,2025-12-16,Delivered,1,3499,5,Not Returned,
ORD00066,C1337,P004,2026-05-14,,Cancelled,1,2299,,Not Returned,
ORD00067,C1158,P002,2026-01-18,,Cancelled,1,3199,,Not Returned,
ORD00068,C1393,P004,2025-12-05,2025-12-11,In Transit,1,2299,6,Not Returned,
ORD00069,C1075,P002,2026-04-16,2026-04-22,Delivered,1,3199,6,Not Returned,
ORD00070,C1112,P011,2026-08-13,2026-08-15,Returned,1,2199,2,Returned,Late delivery
ORD00071,C1237,P003,2026-08-17,2026-08-18,Returned,1,1999,1,Returned,Size issue
ORD00072,C1313,P011,2026-05-24,,Cancelled,2,4398,,Not Returned,
ORD00073,C1132,P012,2026-05-11,2026-05-16,Returned,1,2999,5,Returned,Changed mind
ORD00074,C1140,P004,2026-07-18,2026-07-20,Delivered,1,2299,2,Not Returned,
ORD00075,C1196,P008,2025-10-04,2025-10-08,Returned,1,3699,4,Returned,Size issue
ORD00076,C1277,P012,2025-11-12,2025-11-18,Delivered,1,2999,6,Not Returned,
ORD00077,C1438,P008,2026-03-26,2026-03-31,Returned,1,3699,5,Returned,Quality issue
ORD00078,C1385,P010,2026-03-08,2026-03-14,Delivered,1,2599,6,Not Returned,
ORD00079,C1112,P007,2026-03-28,2026-04-01,Delivered,1,1499,4,Not Returned,
ORD00080,C1347,P005,2026-04-06,2026-04-07,Delivered,1,3499,1,Not Returned,
ORD00081,C1303,P007,2025-11-18,2025-11-27,Delivered,2,2998,9,Not Returned,
ORD00082,C1443,P010,2026-07-31,2026-08-01,Delivered,1,2599,1,Not Returned,
ORD00083,C1450,P008,2025-11-27,2025-12-01,Delivered,1,3699,4,Not Returned,
ORD00084,C1009,P007,2026-01-15,2026-01-21,Delivered,1,1499,6,Not Returned,
ORD00085,C1333,P012,2026-05-29,2026-06-04,Delivered,2,5998,6,Not Returned,
ORD00086,C1078,P001,2025-09-10,2025-09-14,Delivered,1,2499,4,Not Returned,
ORD00087,C1310,P004,2025-10-29,2025-11-10,Delivered,1,2299,12,Not Returned,
ORD00088,C1013,P010,2025-10-23,,Cancelled,1,2599,,Not Returned,
ORD00089,C1321,P005,2026-06-16,2026-06-17,Delivered,1,3499,1,Not Returned,
ORD00090,C1289,P004,2025-10-17,2025-10-23,Delivered,1,2299,6,Not Returned,
ORD00091,C1434,P001,2026-02-19,2026-02-21,Delivered,1,2499,2,Not Returned,
ORD00092,C1456,P007,2026-05-03,2026-05-08,Delivered,1,1499,5,Not Returned,
ORD00093,C1413,P008,2026-08-23,,Cancelled,1,3699,,Not Returned,
ORD00094,C1137,P009,2026-04-30,2026-05-05,Delivered,1,2899,5,Not Returned,
ORD00095,C1342,P006,2025-12-29,2026-01-02,Delivered,1,2799,4,Not Returned,
ORD00096,C1249,P007,2026-02-14,2026-02-20,Delivered,1,1499,6,Not Returned,
ORD00097,C1485,P004,2026-02-23,2026-02-25,Delivered,1,2299,2,Not Returned,
ORD00098,C1353,P004,2025-10-08,2025-10-16,Delivered,1,2299,8,Not Returned,
ORD00099,C1124,P008,2026-07-22,2026-07-26,Delivered,1,3699,4,Not Returned,
ORD00100,C1176,P005,2026-07-31,2026-08-04,Delivered,1,3499,4,Not Returned,
ORD00101,C1369,P007,2026-06-03,2026-06-06,Delivered,1,1499,3,Not Returned,
ORD00102,C1098,P004,2026-02-03,,Cancelled,1,2299,,Not Returned,
ORD00103,C1099,P004,2026-04-30,2026-05-03,Delivered,1,2299,3,Not Returned,
ORD00104,C1273,P005,2025-12-20,2025-12-21,Delivered,1,3499,1,Not Returned,
ORD00105,C1444,P003,2026-01-13,2026-01-20,Delivered,1,1999,7,Not Returned,
ORD00106,C1225,P008,2025-10-17,2025-10-21,Delivered,1,3699,4,Not Returned,
ORD00107,C1251,P006,2025-11-28,2025-12-02,Delivered,1,2799,4,Not Returned,
ORD00108,C1485,P002,2026-06-17,2026-06-25,Delivered,2,6398,8,Not Returned,
ORD00109,C1115,P005,2025-10-08,2025-10-15,Delivered,2,6998,7,Not Returned,
ORD00110,C1219,P009,2026-03-08,2026-03-15,Returned,1,2899,7,Returned,Size issue
ORD00111,C1320,P005,2026-06-13,2026-06-22,Delivered,1,3499,9,Not Returned,
ORD00112,C1209,P004,2026-01-08,2026-01-19,Delivered,1,2299,11,Not Returned,
ORD00113,C1440,P008,2026-08-13,2026-08-16,Delivered,1,3699,3,Not Returned,
ORD00114,C1338,P008,2025-10-01,2025-10-05,Returned,1,3699,4,Returned,Changed mind
ORD00115,C1157,P004,2026-03-31,2026-04-01,Returned,1,2299,1,Returned,Size issue
ORD00116,C1155,P010,2026-06-13,2026-06-16,Delivered,1,2599,3,Not Returned,
ORD00117,C1221,P012,2026-03-20,2026-03-21,Delivered,1,2999,1,Not Returned,
ORD00118,C1492,P012,2026-02-07,2026-02-11,Delivered,1,2999,4,Not Returned,
ORD00119,C1387,P011,2026-06-16,2026-06-28,Delivered,1,2199,12,Not Returned,
ORD00120,C1092,P003,2026-04-23,2026-04-24,Delivered,2,3998,1,Not Returned,
ORD00121,C1164,P010,2026-04-06,2026-04-12,Delivered,1,2599,6,Not Returned,
ORD00122,C1483,P011,2025-10-18,2025-10-19,Delivered,1,2199,1,Not Returned,
ORD00123,C1206,P007,2026-06-03,2026-06-05,Delivered,3,4497,2,Not Returned,
ORD00124,C1265,P009,2025-08-26,2025-08-31,Returned,1,2899,5,Returned,Size issue
ORD00125,C1474,P006,2026-07-10,2026-07-11,Delivered,1,2799,1,Not Returned,
ORD00126,C1311,P005,2026-04-07,2026-04-08,Delivered,3,10497,1,Not Returned,
ORD00127,C1058,P004,2026-08-24,2026-08-28,Delivered,2,4598,4,Not Returned,
ORD00128,C1260,P008,2025-10-25,2025-10-29,Returned,1,3699,4,Returned,Quality issue
ORD00129,C1196,P012,2026-01-12,2026-01-19,Delivered,1,2999,7,Not Returned,
ORD00130,C1395,P004,2026-06-28,2026-06-29,Delivered,1,2299,1,Not Returned,
ORD00131,C1296,P007,2026-02-16,2026-02-20,Delivered,2,2998,4,Not Returned,
ORD00132,C1390,P011,2026-05-03,2026-05-07,Delivered,1,2199,4,Not Returned,
ORD00133,C1196,P009,2026-03-07,2026-03-15,In Transit,1,2899,8,Not Returned,
ORD00134,C1195,P004,2026-03-24,2026-03-26,Delivered,2,4598,2,Not Returned,
ORD00135,C1302,P007,2026-07-31,2026-08-07,Delivered,1,1499,7,Not Returned,
ORD00136,C1007,P006,2025-10-16,2025-10-20,Delivered,2,5598,4,Not Returned,
ORD00137,C1135,P012,2025-11-07,2025-11-15,Delivered,2,5998,8,Not Returned,
ORD00138,C1436,P006,2026-07-11,2026-07-12,Delivered,2,5598,1,Not Returned,
ORD00139,C1316,P011,2026-05-26,2026-06-02,Delivered,1,2199,7,Not Returned,
ORD00140,C1046,P002,2025-12-24,2025-12-27,Delivered,1,3199,3,Not Returned,
ORD00141,C1014,P007,2025-10-15,2025-10-19,Delivered,1,1499,4,Not Returned,
ORD00142,C1074,P001,2026-02-08,2026-02-11,Delivered,1,2499,3,Not Returned,
ORD00143,C1349,P004,2026-05-24,2026-05-29,Delivered,1,2299,5,Not Returned,
ORD00144,C1341,P004,2026-05-07,2026-05-16,Delivered,1,2299,9,Not Returned,
ORD00145,C1300,P001,2026-04-21,2026-04-24,Delivered,1,2499,3,Not Returned,
ORD00146,C1154,P005,2026-07-19,2026-07-22,Delivered,1,3499,3,Not Returned,
ORD00147,C1011,P004,2026-03-10,2026-03-16,Delivered,1,2299,6,Not Returned,
ORD00148,C1025,P011,2026-03-16,2026-03-31,Delivered,1,2199,15,Not Returned,
ORD00149,C1128,P010,2026-05-07,2026-05-11,Returned,1,2599,4,Returned,Size issue
ORD00150,C1225,P011,2026-07-29,2026-07-31,Returned,1,2199,2,Returned,Changed mind
ORD00151,C1089,P001,2026-06-18,2026-06-22,Delivered,1,2499,4,Not Returned,
ORD00152,C1139,P004,2025-11-01,2025-11-04,Delivered,1,2299,3,Not Returned,
ORD00153,C1038,P003,2026-01-04,2026-01-10,Returned,1,1999,6,Returned,Changed mind
ORD00154,C1187,P003,2025-12-19,,Cancelled,2,3998,,Not Returned,
ORD00155,C1195,P002,2026-03-16,2026-03-20,Delivered,1,3199,4,Not Returned,
ORD00156,C1482,P011,2026-03-04,2026-03-09,Delivered,1,2199,5,Not Returned,
ORD00157,C1209,P009,2026-02-09,2026-02-13,Returned,1,2899,4,Returned,Wrong product
ORD00158,C1049,P002,2025-11-05,2025-11-10,Delivered,1,3199,5,Not Returned,
ORD00159,C1300,P004,2026-05-28,2026-05-30,Delivered,1,2299,2,Not Returned,
ORD00160,C1315,P012,2025-11-13,2025-11-18,Delivered,2,5998,5,Not Returned,
ORD00161,C1185,P007,2026-01-16,2026-01-19,Delivered,1,1499,3,Not Returned,
ORD00162,C1203,P002,2026-08-12,,Cancelled,1,3199,,Not Returned,
ORD00163,C1327,P005,2025-12-01,2025-12-09,Delivered,1,3499,8,Not Returned,
ORD00164,C1064,P010,2025-09-05,2025-09-08,Delivered,1,2599,3,Not Returned,
ORD00165,C1119,P010,2025-12-09,2025-12-14,Delivered,2,5198,5,Not Returned,
ORD00166,C1074,P006,2025-11-09,2025-11-11,Delivered,2,5598,2,Not Returned,
ORD00167,C1403,P003,2026-05-29,2026-06-02,Returned,1,1999,4,Returned,Size issue
ORD00168,C1269,P004,2026-06-23,2026-07-02,Delivered,1,2299,9,Not Returned,
ORD00169,C1314,P002,2025-09-27,2025-09-29,Delivered,1,3199,2,Not Returned,
ORD00170,C1015,P001,2026-07-29,2026-08-03,Delivered,1,2499,5,Not Returned,
ORD00171,C1460,P001,2026-04-28,2026-05-01,Delivered,1,2499,3,Not Returned,
ORD00172,C1299,P002,2026-02-06,2026-02-10,Delivered,1,3199,4,Not Returned,
ORD00173,C1220,P009,2026-08-25,2026-08-27,Delivered,1,2899,2,Not Returned,
ORD00174,C1369,P002,2026-08-20,2026-08-26,Delivered,1,3199,6,Not Returned,
ORD00175,C1160,P004,2026-04-03,2026-04-09,Delivered,1,2299,6,Not Returned,
ORD00176,C1472,P007,2026-02-02,2026-02-05,Delivered,1,1499,3,Not Returned,
ORD00177,C1415,P008,2025-09-29,2025-10-03,Delivered,1,3699,4,Not Returned,
ORD00178,C1168,P003,2026-06-06,2026-06-09,Delivered,1,1999,3,Not Returned,
ORD00179,C1307,P011,2025-10-27,2025-10-29,Returned,3,6597,2,Returned,Wrong product
ORD00180,C1336,P005,2026-02-22,2026-03-01,Delivered,1,3499,7,Not Returned,
ORD00181,C1115,P008,2025-12-18,2025-12-20,Delivered,1,3699,2,Not Returned,
ORD00182,C1013,P007,2026-06-09,2026-06-15,Delivered,1,1499,6,Not Returned,
ORD00183,C1179,P010,2026-07-28,2026-08-03,Delivered,2,5198,6,Not Returned,
ORD00184,C1072,P001,2025-11-26,2025-11-30,Delivered,1,2499,4,Not Returned,
ORD00185,C1080,P012,2026-07-16,2026-07-22,Delivered,1,2999,6,Not Returned,
ORD00186,C1043,P006,2026-02-01,2026-02-06,Delivered,1,2799,5,Not Returned,
ORD00187,C1217,P001,2025-11-13,2025-11-17,Delivered,1,2499,4,Not Returned,
ORD00188,C1262,P008,2026-07-02,2026-07-05,Delivered,1,3699,3,Not Returned,
ORD00189,C1112,P002,2026-02-18,2026-02-25,Delivered,1,3199,7,Not Returned,
ORD00190,C1108,P007,2026-06-28,2026-07-04,Delivered,1,1499,6,Not Returned,
ORD00191,C1194,P003,2026-01-03,2026-01-07,Delivered,1,1999,4,Not Returned,
ORD00192,C1412,P009,2026-08-21,2026-08-25,Delivered,2,5798,4,Not Returned,
ORD00193,C1441,P006,2025-10-01,2025-10-05,Delivered,2,5598,4,Not Returned,
ORD00194,C1213,P006,2026-06-16,2026-06-20,Delivered,1,2799,4,Not Returned,
ORD00195,C1470,P005,2025-10-23,2025-10-29,Returned,2,6998,6,Returned,Quality issue
ORD00196,C1268,P006,2025-10-10,2025-10-14,Returned,1,2799,4,Returned,Comfort issue
ORD00197,C1271,P002,2026-03-16,2026-03-20,Delivered,1,3199,4,Not Returned,
ORD00198,C1330,P009,2025-12-03,2025-12-05,Delivered,3,8697,2,Not Returned,
ORD00199,C1335,P003,2025-12-24,2025-12-29,Delivered,1,1999,5,Not Returned,
ORD00200,C1229,P002,2025-11-24,2025-11-29,Delivered,1,3199,5,Not Returned,
ORD00201,C1034,P011,2026-06-11,2026-06-13,Delivered,1,2199,2,Not Returned,
ORD00202,C1028,P008,2026-04-09,2026-04-11,Delivered,1,3699,2,Not Returned,
ORD00203,C1039,P006,2026-05-12,2026-05-15,Delivered,2,5598,3,Not Returned,
ORD00204,C1488,P011,2025-10-11,2025-10-17,Delivered,1,2199,6,Not Returned,
ORD00205,C1256,P012,2025-09-16,2025-09-22,Delivered,1,2999,6,Not Returned,
ORD00206,C1175,P003,2025-09-26,2025-09-28,Delivered,2,3998,2,Not Returned,
ORD00207,C1268,P012,2025-10-08,2025-10-12,Delivered,3,8997,4,Not Returned,
ORD00208,C1198,P009,2026-07-04,2026-07-08,Delivered,2,5798,4,Not Returned,
ORD00209,C1285,P007,2026-02-15,2026-02-22,Delivered,1,1499,7,Not Returned,
ORD00210,C1076,P011,2026-03-11,2026-03-16,Returned,1,2199,5,Returned,Late delivery
ORD00211,C1339,P006,2025-10-06,2025-10-07,Delivered,1,2799,1,Not Returned,
ORD00212,C1286,P007,2025-10-31,2025-11-01,Delivered,1,1499,1,Not Returned,
ORD00213,C1269,P007,2026-07-21,2026-07-26,Returned,1,1499,5,Returned,Changed mind
ORD00214,C1486,P002,2026-07-22,2026-07-23,Delivered,1,3199,1,Not Returned,
ORD00215,C1427,P004,2026-02-16,2026-03-02,Returned,1,2299,14,Returned,Size issue
ORD00216,C1316,P012,2026-05-22,2026-06-04,Delivered,2,5998,13,Not Returned,
ORD00217,C1462,P003,2026-06-27,2026-07-02,Delivered,1,1999,5,Not Returned,
ORD00218,C1121,P003,2026-04-07,2026-04-12,Delivered,1,1999,5,Not Returned,
ORD00219,C1494,P008,2026-07-04,2026-07-08,Delivered,1,3699,4,Not Returned,
ORD00220,C1225,P008,2025-12-03,2025-12-04,Delivered,1,3699,1,Not Returned,
ORD00221,C1309,P008,2026-01-17,2026-01-19,Delivered,1,3699,2,Not Returned,
ORD00222,C1283,P003,2026-01-01,2026-01-05,Delivered,2,3998,4,Not Returned,
ORD00223,C1075,P002,2026-08-25,2026-08-30,Delivered,2,6398,5,Not Returned,
ORD00224,C1212,P007,2025-10-11,2025-10-14,Returned,2,2998,3,Returned,Wrong product
ORD00225,C1163,P001,2026-03-16,2026-03-18,Delivered,1,2499,2,Not Returned,
ORD00226,C1424,P002,2026-07-24,2026-07-30,Delivered,1,3199,6,Not Returned,
ORD00227,C1009,P008,2026-08-17,2026-08-21,Delivered,2,7398,4,Not Returned,
ORD00228,C1270,P005,2025-12-14,2025-12-16,Delivered,1,3499,2,Not Returned,
ORD00229,C1318,P007,2025-10-21,2025-10-25,Delivered,1,1499,4,Not Returned,
ORD00230,C1323,P008,2025-09-27,2025-10-02,Returned,1,3699,5,Returned,Quality issue
ORD00231,C1292,P009,2026-06-16,2026-06-20,Delivered,1,2899,4,Not Returned,
ORD00232,C1488,P007,2025-11-29,2025-12-01,Delivered,1,1499,2,Not Returned,
ORD00233,C1022,P009,2026-05-31,2026-06-05,Delivered,2,5798,5,Not Returned,
ORD00234,C1176,P011,2026-03-12,2026-03-13,Delivered,2,4398,1,Not Returned,
ORD00235,C1173,P004,2026-07-28,2026-08-03,Delivered,1,2299,6,Not Returned,
ORD00236,C1069,P011,2025-11-23,2025-11-29,Delivered,1,2199,6,Not Returned,
ORD00237,C1263,P002,2026-04-17,2026-04-21,Delivered,2,6398,4,Not Returned,
ORD00238,C1097,P007,2026-05-31,2026-06-05,Delivered,1,1499,5,Not Returned,
ORD00239,C1455,P005,2026-02-24,2026-03-01,Delivered,1,3499,5,Not Returned,
ORD00240,C1354,P007,2026-04-08,2026-04-11,Delivered,1,1499,3,Not Returned,
ORD00241,C1421,P008,2026-03-02,2026-03-06,Delivered,1,3699,4,Not Returned,
ORD00242,C1338,P003,2026-06-01,2026-06-06,Delivered,1,1999,5,Not Returned,
ORD00243,C1021,P005,2026-01-29,2026-01-31,Delivered,1,3499,2,Not Returned,
ORD00244,C1405,P012,2026-02-22,2026-02-25,In Transit,1,2999,3,Not Returned,
ORD00245,C1015,P001,2025-10-03,2025-10-05,Delivered,1,2499,2,Not Returned,
ORD00246,C1398,P003,2026-07-03,2026-07-08,Delivered,1,1999,5,Not Returned,
ORD00247,C1190,P011,2026-03-01,2026-03-03,Delivered,2,4398,2,Not Returned,
ORD00248,C1160,P008,2025-10-04,2025-10-10,Delivered,1,3699,6,Not Returned,
ORD00249,C1060,P011,2026-01-15,2026-01-19,Delivered,2,4398,4,Not Returned,
ORD00250,C1355,P005,2026-01-06,2026-01-10,Delivered,1,3499,4,Not Returned,
ORD00251,C1044,P008,2025-12-06,2025-12-11,Delivered,1,3699,5,Not Returned,
ORD00252,C1153,P011,2026-02-05,2026-02-10,Delivered,1,2199,5,Not Returned,
ORD00253,C1405,P003,2026-08-25,2026-08-30,Delivered,3,5997,5,Not Returned,
ORD00254,C1188,P003,2025-12-25,2025-12-31,Delivered,1,1999,6,Not Returned,
ORD00255,C1368,P008,2026-06-04,2026-06-07,Delivered,3,11097,3,Not Returned,
ORD00256,C1037,P008,2026-05-22,2026-05-25,Delivered,2,7398,3,Not Returned,
ORD00257,C1424,P003,2026-02-04,2026-02-10,Delivered,1,1999,6,Not Returned,
ORD00258,C1221,P009,2026-07-19,2026-07-24,Delivered,3,8697,5,Not Returned,
ORD00259,C1115,P009,2025-09-23,2025-09-25,Delivered,2,5798,2,Not Returned,
ORD00260,C1282,P006,2026-05-18,2026-05-22,Returned,1,2799,4,Returned,Comfort issue
ORD00261,C1482,P005,2025-10-29,2025-11-01,Delivered,1,3499,3,Not Returned,
ORD00262,C1309,P010,2025-11-12,2025-11-19,Delivered,1,2599,7,Not Returned,
ORD00263,C1295,P006,2026-06-10,2026-06-14,Delivered,1,2799,4,Not Returned,
ORD00264,C1327,P005,2026-07-25,2026-07-29,Delivered,1,3499,4,Not Returned,
ORD00265,C1413,P001,2026-05-07,2026-05-08,Delivered,1,2499,1,Not Returned,
ORD00266,C1212,P011,2026-03-21,2026-03-24,Delivered,1,2199,3,Not Returned,
ORD00267,C1176,P008,2026-04-20,2026-04-23,Returned,3,11097,3,Returned,Comfort issue
ORD00268,C1123,P007,2025-10-31,2025-11-05,Delivered,1,1499,5,Not Returned,
ORD00269,C1442,P008,2025-10-27,2025-10-30,Delivered,2,7398,3,Not Returned,
ORD00270,C1416,P010,2026-03-28,,Cancelled,2,5198,,Not Returned,
ORD00271,C1450,P006,2026-06-17,2026-06-21,In Transit,1,2799,4,Not Returned,
ORD00272,C1234,P005,2026-05-07,2026-05-12,Delivered,1,3499,5,Not Returned,
ORD00273,C1274,P004,2025-12-14,2025-12-18,Returned,1,2299,4,Returned,Late delivery
ORD00274,C1187,P001,2025-10-20,2025-10-25,Delivered,1,2499,5,Not Returned,
ORD00275,C1037,P007,2026-03-01,2026-03-03,Delivered,1,1499,2,Not Returned,
ORD00276,C1319,P007,2026-05-11,2026-05-17,Delivered,1,1499,6,Not Returned,
ORD00277,C1187,P011,2026-07-04,2026-07-09,In Transit,1,2199,5,Not Returned,
ORD00278,C1023,P003,2025-12-05,2025-12-10,Delivered,1,1999,5,Not Returned,
ORD00279,C1071,P001,2025-11-04,2025-11-09,Delivered,2,4998,5,Not Returned,
ORD00280,C1378,P006,2026-07-05,2026-07-06,Delivered,3,8397,1,Not Returned,
ORD00281,C1243,P005,2026-06-25,2026-06-26,Delivered,1,3499,1,Not Returned,
ORD00282,C1298,P001,2026-03-02,2026-03-06,Delivered,3,7497,4,Not Returned,
ORD00283,C1397,P005,2026-08-13,,Cancelled,2,6998,,Not Returned,
ORD00284,C1087,P010,2026-06-17,2026-06-21,Delivered,1,2599,4,Not Returned,
ORD00285,C1358,P009,2026-07-14,2026-07-18,Returned,1,2899,4,Returned,Size issue
ORD00286,C1104,P002,2025-12-01,2025-12-03,Delivered,1,3199,2,Not Returned,
ORD00287,C1070,P007,2026-05-09,2026-05-17,Delivered,1,1499,8,Not Returned,
ORD00288,C1269,P009,2025-12-10,2025-12-12,Delivered,1,2899,2,Not Returned,
ORD00289,C1444,P007,2026-02-02,2026-02-03,Delivered,1,1499,1,Not Returned,
ORD00290,C1490,P012,2026-08-09,2026-08-14,Returned,1,2999,5,Returned,Comfort issue
ORD00291,C1353,P004,2026-01-15,2026-01-17,Delivered,1,2299,2,Not Returned,
ORD00292,C1478,P012,2026-05-03,2026-05-12,Delivered,1,2999,9,Not Returned,
ORD00293,C1419,P012,2026-01-13,2026-01-19,Delivered,3,8997,6,Not Returned,
ORD00294,C1040,P006,2025-11-08,2025-11-14,Delivered,3,8397,6,Not Returned,
ORD00295,C1477,P006,2026-04-09,2026-04-13,Delivered,1,2799,4,Not Returned,
ORD00296,C1300,P009,2026-08-17,2026-08-24,Delivered,1,2899,7,Not Returned,
ORD00297,C1367,P004,2025-12-28,2025-12-31,Delivered,1,2299,3,Not Returned,
ORD00298,C1475,P008,2025-10-16,2025-10-18,Delivered,1,3699,2,Not Returned,
ORD00299,C1493,P003,2026-03-22,2026-03-30,Delivered,1,1999,8,Not Returned,
ORD00300,C1045,P005,2026-02-06,2026-02-08,Delivered,2,6998,2,Not Returned,
ORD00301,C1090,P011,2026-06-15,2026-06-16,Returned,2,4398,1,Returned,Size issue
ORD00302,C1446,P001,2026-03-17,2026-03-20,Delivered,1,2499,3,Not Returned,
ORD00303,C1328,P005,2025-09-14,2025-09-17,Returned,1,3499,3,Returned,Comfort issue
ORD00304,C1139,P009,2026-05-21,2026-05-28,Returned,1,2899,7,Returned,Size issue
ORD00305,C1151,P004,2025-10-22,2025-11-01,Delivered,1,2299,10,Not Returned,
ORD00306,C1459,P010,2026-08-06,2026-08-12,Delivered,2,5198,6,Not Returned,
ORD00307,C1244,P007,2026-04-01,2026-04-04,Delivered,3,4497,3,Not Returned,
ORD00308,C1385,P006,2025-12-31,2026-01-06,Delivered,1,2799,6,Not Returned,
ORD00309,C1120,P005,2026-02-10,2026-02-12,Delivered,1,3499,2,Not Returned,
ORD00310,C1351,P001,2026-08-02,2026-08-05,Delivered,1,2499,3,Not Returned,
ORD00311,C1113,P009,2026-08-21,,Cancelled,1,2899,,Not Returned,
ORD00312,C1359,P004,2025-11-02,2025-11-12,In Transit,1,2299,10,Not Returned,
ORD00313,C1305,P009,2026-04-24,2026-04-29,Delivered,1,2899,5,Not Returned,
ORD00314,C1057,P002,2026-05-22,2026-05-23,Delivered,2,6398,1,Not Returned,
ORD00315,C1226,P001,2026-06-02,2026-06-07,Delivered,2,4998,5,Not Returned,
ORD00316,C1228,P002,2026-08-09,2026-08-16,Delivered,2,6398,7,Not Returned,
ORD00317,C1413,P001,2026-04-15,2026-04-17,Delivered,1,2499,2,Not Returned,
ORD00318,C1111,P005,2025-09-06,2025-09-10,Delivered,1,3499,4,Not Returned,
ORD00319,C1457,P010,2025-10-02,2025-10-03,Delivered,1,2599,1,Not Returned,
ORD00320,C1328,P002,2026-04-24,2026-04-30,Delivered,1,3199,6,Not Returned,
ORD00321,C1193,P012,2026-07-22,2026-07-23,Delivered,2,5998,1,Not Returned,
ORD00322,C1060,P007,2025-10-06,2025-10-13,Delivered,2,2998,7,Not Returned,
ORD00323,C1011,P003,2026-05-28,2026-05-29,Delivered,1,1999,1,Not Returned,
ORD00324,C1117,P005,2026-04-20,2026-04-23,Delivered,1,3499,3,Not Returned,
ORD00325,C1338,P004,2026-04-18,2026-04-23,Delivered,1,2299,5,Not Returned,
ORD00326,C1304,P007,2026-07-06,2026-07-11,Delivered,1,1499,5,Not Returned,
ORD00327,C1224,P001,2026-04-11,2026-04-13,Delivered,1,2499,2,Not Returned,
ORD00328,C1148,P004,2026-05-29,2026-05-30,Delivered,1,2299,1,Not Returned,
ORD00329,C1338,P004,2026-06-16,2026-06-17,Delivered,2,4598,1,Not Returned,
ORD00330,C1485,P009,2025-12-17,2025-12-19,Delivered,1,2899,2,Not Returned,
ORD00331,C1329,P010,2025-11-23,2025-11-26,Delivered,1,2599,3,Not Returned,
ORD00332,C1192,P011,2026-03-09,2026-03-10,Delivered,1,2199,1,Not Returned,
ORD00333,C1029,P003,2026-05-28,2026-06-01,Returned,1,1999,4,Returned,Size issue
ORD00334,C1124,P009,2026-03-25,2026-03-31,Delivered,1,2899,6,Not Returned,
ORD00335,C1097,P005,2025-12-08,2025-12-09,Returned,1,3499,1,Returned,Size issue
ORD00336,C1447,P001,2026-01-10,2026-01-11,Delivered,1,2499,1,Not Returned,
ORD00337,C1007,P002,2025-11-30,2025-12-04,Returned,3,9597,4,Returned,Size issue
ORD00338,C1356,P004,2025-12-01,2025-12-02,Delivered,2,4598,1,Not Returned,
ORD00339,C1238,P010,2026-08-21,2026-08-24,Delivered,1,2599,3,Not Returned,
ORD00340,C1451,P009,2026-07-24,2026-07-29,Delivered,1,2899,5,Not Returned,
ORD00341,C1104,P008,2026-04-21,2026-04-26,Delivered,1,3699,5,Not Returned,
ORD00342,C1379,P006,2026-02-02,2026-02-03,Delivered,2,5598,1,Not Returned,
ORD00343,C1100,P003,2025-09-03,2025-09-04,Delivered,1,1999,1,Not Returned,
ORD00344,C1281,P006,2025-12-21,2025-12-24,Delivered,1,2799,3,Not Returned,
ORD00345,C1086,P011,2026-08-11,2026-08-15,Delivered,1,2199,4,Not Returned,
ORD00346,C1094,P012,2026-02-22,2026-03-02,Delivered,1,2999,8,Not Returned,
ORD00347,C1024,P009,2026-07-20,2026-07-21,Delivered,2,5798,1,Not Returned,
ORD00348,C1004,P001,2026-03-25,2026-03-28,Returned,1,2499,3,Returned,Size issue
ORD00349,C1249,P004,2026-05-11,2026-05-13,Delivered,1,2299,2,Not Returned,
ORD00350,C1271,P001,2025-08-29,2025-09-04,Delivered,1,2499,6,Not Returned,
ORD00351,C1465,P012,2026-01-13,2026-01-17,Returned,2,5998,4,Returned,Quality issue
ORD00352,C1317,P003,2025-10-19,2025-10-23,Delivered,1,1999,4,Not Returned,
ORD00353,C1289,P009,2026-01-02,2026-01-06,Delivered,1,2899,4,Not Returned,
ORD00354,C1388,P004,2026-08-17,2026-09-02,Returned,2,4598,16,Returned,Late delivery
ORD00355,C1087,P001,2025-10-12,2025-10-14,Delivered,1,2499,2,Not Returned,
ORD00356,C1498,P002,2026-05-08,2026-05-14,Delivered,3,9597,6,Not Returned,
ORD00357,C1473,P002,2026-05-23,2026-05-28,Delivered,1,3199,5,Not Returned,
ORD00358,C1475,P002,2026-08-11,2026-08-20,Delivered,1,3199,9,Not Returned,
ORD00359,C1039,P006,2025-09-03,2025-09-04,Delivered,1,2799,1,Not Returned,
ORD00360,C1199,P005,2025-11-17,2025-11-19,Delivered,2,6998,2,Not Returned,
ORD00361,C1381,P011,2026-05-29,2026-05-30,Delivered,1,2199,1,Not Returned,
ORD00362,C1174,P006,2025-09-22,2025-09-28,Delivered,2,5598,6,Not Returned,
ORD00363,C1230,P010,2026-07-06,2026-07-07,Delivered,1,2599,1,Not Returned,
ORD00364,C1095,P008,2025-12-20,2025-12-26,Delivered,1,3699,6,Not Returned,
ORD00365,C1078,P011,2026-06-21,2026-06-28,Delivered,1,2199,7,Not Returned,
ORD00366,C1184,P007,2026-08-25,2026-08-31,Delivered,1,1499,6,Not Returned,
ORD00367,C1220,P002,2025-10-11,2025-10-17,Delivered,1,3199,6,Not Returned,
ORD00368,C1045,P008,2026-06-07,2026-06-10,Delivered,1,3699,3,Not Returned,
ORD00369,C1398,P006,2026-06-05,2026-06-06,Returned,1,2799,1,Returned,Size issue
ORD00370,C1071,P002,2026-06-08,2026-06-10,Delivered,1,3199,2,Not Returned,
ORD00371,C1247,P005,2026-01-27,2026-01-30,Delivered,1,3499,3,Not Returned,
ORD00372,C1315,P002,2026-02-26,2026-03-02,Delivered,1,3199,4,Not Returned,
ORD00373,C1225,P004,2026-04-17,2026-04-21,Returned,2,4598,4,Returned,Quality issue
ORD00374,C1164,P006,2026-04-03,,Cancelled,1,2799,,Not Returned,
ORD00375,C1376,P010,2026-08-16,2026-08-19,Delivered,1,2599,3,Not Returned,
ORD00376,C1166,P012,2026-07-16,,Cancelled,2,5998,,Not Returned,
ORD00377,C1092,P007,2026-01-16,2026-01-17,Delivered,3,4497,1,Not Returned,
ORD00378,C1224,P011,2026-06-03,2026-06-11,Delivered,1,2199,8,Not Returned,
ORD00379,C1324,P005,2026-08-15,2026-08-21,Delivered,1,3499,6,Not Returned,
ORD00380,C1404,P005,2025-12-27,2025-12-28,Delivered,1,3499,1,Not Returned,
ORD00381,C1471,P007,2025-10-02,2025-10-09,Delivered,1,1499,7,Not Returned,
ORD00382,C1359,P012,2026-03-28,2026-04-01,Delivered,3,8997,4,Not Returned,
ORD00383,C1085,P009,2026-06-26,2026-07-01,Delivered,1,2899,5,Not Returned,
ORD00384,C1495,P011,2026-07-05,2026-07-08,Delivered,1,2199,3,Not Returned,
ORD00385,C1297,P006,2026-04-03,2026-04-09,Delivered,1,2799,6,Not Returned,
ORD00386,C1395,P012,2026-06-16,2026-06-20,Delivered,1,2999,4,Not Returned,
ORD00387,C1043,P011,2026-06-23,2026-07-01,Delivered,2,4398,8,Not Returned,
ORD00388,C1247,P002,2025-11-06,2025-11-16,Delivered,1,3199,10,Not Returned,
ORD00389,C1414,P006,2026-04-26,2026-04-27,Delivered,1,2799,1,Not Returned,
ORD00390,C1084,P012,2025-10-23,2025-10-28,Returned,1,2999,5,Returned,Quality issue
ORD00391,C1118,P012,2025-12-28,2026-01-02,Delivered,3,8997,5,Not Returned,
ORD00392,C1202,P007,2026-07-14,2026-07-19,Delivered,1,1499,5,Not Returned,
ORD00393,C1142,P001,2026-07-06,2026-07-08,Delivered,1,2499,2,Not Returned,
ORD00394,C1095,P012,2025-09-27,2025-10-02,Delivered,2,5998,5,Not Returned,
ORD00395,C1305,P006,2026-02-08,2026-02-10,Returned,1,2799,2,Returned,Quality issue
ORD00396,C1432,P007,2026-07-04,2026-07-08,Delivered,1,1499,4,Not Returned,
ORD00397,C1043,P008,2026-07-08,2026-07-13,Delivered,1,3699,5,Not Returned,
ORD00398,C1072,P011,2025-11-02,2025-11-09,Delivered,1,2199,7,Not Returned,
ORD00399,C1275,P009,2026-03-12,2026-03-14,Delivered,1,2899,2,Not Returned,
ORD00400,C1071,P012,2026-07-22,2026-07-24,Delivered,1,2999,2,Not Returned,
ORD00401,C1099,P003,2026-02-03,,Cancelled,1,1999,,Not Returned,
ORD00402,C1251,P007,2026-06-09,2026-06-10,Delivered,1,1499,1,Not Returned,
ORD00403,C1149,P007,2026-08-24,2026-08-27,Delivered,1,1499,3,Not Returned,
ORD00404,C1234,P001,2026-01-13,2026-01-17,Delivered,1,2499,4,Not Returned,
ORD00405,C1187,P010,2026-05-06,2026-05-07,Delivered,1,2599,1,Not Returned,
ORD00406,C1052,P009,2025-09-16,2025-09-20,Delivered,3,8697,4,Not Returned,
ORD00407,C1418,P012,2026-07-26,2026-07-28,Delivered,1,2999,2,Not Returned,
ORD00408,C1301,P002,2026-04-07,2026-04-19,Delivered,2,6398,12,Not Returned,
ORD00409,C1105,P012,2026-02-21,2026-02-24,Delivered,1,2999,3,Not Returned,
ORD00410,C1086,P001,2026-06-13,2026-06-16,Delivered,1,2499,3,Not Returned,
ORD00411,C1048,P006,2026-08-21,2026-08-25,Returned,1,2799,4,Returned,Late delivery
ORD00412,C1064,P003,2026-03-24,2026-03-30,In Transit,2,3998,6,Not Returned,
ORD00413,C1201,P012,2025-11-01,2025-11-06,Delivered,2,5998,5,Not Returned,
ORD00414,C1192,P008,2025-11-06,2025-11-12,Delivered,1,3699,6,Not Returned,
ORD00415,C1355,P008,2025-10-03,2025-10-08,Delivered,1,3699,5,Not Returned,
ORD00416,C1396,P006,2026-04-15,2026-04-16,Delivered,1,2799,1,Not Returned,
ORD00417,C1495,P012,2025-10-12,2025-10-14,Returned,1,2999,2,Returned,Changed mind
ORD00418,C1172,P007,2025-12-12,2025-12-13,Delivered,2,2998,1,Not Returned,
ORD00419,C1024,P009,2026-06-17,2026-06-19,Delivered,1,2899,2,Not Returned,
ORD00420,C1063,P001,2025-10-15,2025-10-18,Delivered,1,2499,3,Not Returned,
ORD00421,C1067,P003,2026-04-08,2026-04-18,Delivered,1,1999,10,Not Returned,
ORD00422,C1042,P011,2026-01-27,2026-01-31,Returned,1,2199,4,Returned,Size issue
ORD00423,C1119,P006,2026-08-01,2026-08-06,Delivered,1,2799,5,Not Returned,
ORD00424,C1244,P007,2026-07-27,2026-08-02,Delivered,1,1499,6,Not Returned,
ORD00425,C1440,P002,2025-11-01,2025-11-14,Delivered,1,3199,13,Not Returned,
ORD00426,C1045,P007,2026-08-16,2026-08-23,Delivered,1,1499,7,Not Returned,
ORD00427,C1385,P012,2025-10-17,2025-10-19,Delivered,1,2999,2,Not Returned,
ORD00428,C1312,P003,2026-07-20,2026-07-28,Delivered,1,1999,8,Not Returned,
ORD00429,C1111,P011,2025-11-18,2025-11-21,Returned,1,2199,3,Returned,Changed mind
ORD00430,C1493,P002,2025-10-16,2025-10-21,Delivered,1,3199,5,Not Returned,
ORD00431,C1369,P007,2026-02-03,2026-02-07,Delivered,1,1499,4,Not Returned,
ORD00432,C1265,P010,2026-01-18,2026-01-25,Returned,1,2599,7,Returned,Changed mind
ORD00433,C1488,P010,2026-05-13,2026-05-17,Delivered,2,5198,4,Not Returned,
ORD00434,C1455,P004,2026-05-06,2026-05-15,Delivered,1,2299,9,Not Returned,
ORD00435,C1349,P001,2026-02-26,2026-03-05,Delivered,1,2499,7,Not Returned,
ORD00436,C1134,P003,2026-04-24,2026-05-01,Delivered,1,1999,7,Not Returned,
ORD00437,C1359,P004,2025-09-15,2025-09-30,Delivered,1,2299,15,Not Returned,
ORD00438,C1142,P007,2025-10-07,2025-10-10,Delivered,1,1499,3,Not Returned,
ORD00439,C1324,P002,2026-01-31,2026-02-03,Delivered,1,3199,3,Not Returned,
ORD00440,C1122,P011,2026-08-09,2026-08-22,Delivered,3,6597,13,Not Returned,
ORD00441,C1341,P001,2025-12-29,2026-01-03,Delivered,1,2499,5,Not Returned,
ORD00442,C1359,P012,2026-07-28,2026-08-01,Delivered,1,2999,4,Not Returned,
ORD00443,C1085,P001,2025-11-17,2025-11-24,Delivered,1,2499,7,Not Returned,
ORD00444,C1460,P006,2025-10-29,2025-11-01,Delivered,1,2799,3,Not Returned,
ORD00445,C1039,P001,2026-02-13,2026-02-17,Delivered,1,2499,4,Not Returned,
ORD00446,C1290,P008,2026-04-16,2026-04-21,Delivered,1,3699,5,Not Returned,
ORD00447,C1116,P003,2026-03-02,2026-03-06,Delivered,1,1999,4,Not Returned,
ORD00448,C1125,P012,2026-05-13,2026-05-18,Delivered,2,5998,5,Not Returned,
ORD00449,C1283,P001,2026-04-24,,Cancelled,2,4998,,Not Returned,
ORD00450,C1468,P012,2026-07-27,2026-08-01,Delivered,1,2999,5,Not Returned,
ORD00451,C1026,P012,2026-02-05,2026-02-10,Delivered,1,2999,5,Not Returned,
ORD00452,C1035,P003,2025-12-18,2025-12-19,In Transit,3,5997,1,Not Returned,
ORD00453,C1288,P008,2026-01-17,2026-01-20,Delivered,1,3699,3,Not Returned,
ORD00454,C1252,P005,2026-07-10,2026-07-16,Delivered,1,3499,6,Not Returned,
ORD00455,C1449,P004,2026-06-01,2026-06-16,Delivered,2,4598,15,Not Returned,
ORD00456,C1377,P001,2026-02-13,2026-02-21,Delivered,1,2499,8,Not Returned,
ORD00457,C1497,P012,2026-01-30,2026-02-05,Delivered,3,8997,6,Not Returned,
ORD00458,C1459,P003,2026-08-25,2026-09-04,Delivered,2,3998,10,Not Returned,
ORD00459,C1326,P009,2026-03-25,2026-03-26,Delivered,1,2899,1,Not Returned,
ORD00460,C1493,P007,2025-10-03,2025-10-08,Delivered,1,1499,5,Not Returned,
ORD00461,C1162,P003,2025-12-25,2025-12-29,Returned,1,1999,4,Returned,Changed mind
ORD00462,C1399,P008,2026-01-12,2026-01-18,Delivered,1,3699,6,Not Returned,
ORD00463,C1183,P010,2025-10-20,2025-10-26,Delivered,1,2599,6,Not Returned,
ORD00464,C1155,P004,2026-04-14,2026-04-19,Returned,2,4598,5,Returned,Size issue
ORD00465,C1127,P012,2026-08-17,2026-08-25,Delivered,1,2999,8,Not Returned,
ORD00466,C1419,P006,2026-03-16,2026-03-21,Delivered,1,2799,5,Not Returned,
ORD00467,C1052,P003,2025-09-10,2025-09-16,Delivered,1,1999,6,Not Returned,
ORD00468,C1113,P003,2025-10-27,2025-10-29,Delivered,2,3998,2,Not Returned,
ORD00469,C1132,P003,2025-12-05,2025-12-07,Delivered,1,1999,2,Not Returned,
ORD00470,C1047,P002,2025-09-06,2025-09-12,Delivered,2,6398,6,Not Returned,
ORD00471,C1254,P006,2025-10-27,2025-11-01,Returned,1,2799,5,Returned,Quality issue
ORD00472,C1095,P001,2026-03-09,2026-03-13,Delivered,1,2499,4,Not Returned,
ORD00473,C1151,P005,2026-01-16,2026-01-20,Delivered,1,3499,4,Not Returned,
ORD00474,C1196,P008,2026-03-24,2026-03-28,Delivered,1,3699,4,Not Returned,
ORD00475,C1278,P003,2026-03-28,2026-03-30,Delivered,3,5997,2,Not Returned,
ORD00476,C1176,P001,2026-03-09,2026-03-10,Delivered,2,4998,1,Not Returned,
ORD00477,C1458,P010,2026-05-10,2026-05-13,Delivered,1,2599,3,Not Returned,
ORD00478,C1119,P005,2025-09-24,2025-09-29,Delivered,1,3499,5,Not Returned,
ORD00479,C1485,P003,2025-10-16,2025-10-19,Returned,1,1999,3,Returned,Late delivery
ORD00480,C1303,P004,2026-06-16,2026-06-19,Returned,1,2299,3,Returned,Late delivery
ORD00481,C1288,P006,2026-08-18,2026-08-22,Delivered,2,5598,4,Not Returned,
ORD00482,C1277,P003,2026-06-10,2026-06-14,Returned,3,5997,4,Returned,Wrong product
ORD00483,C1244,P005,2025-11-23,2025-11-28,Delivered,1,3499,5,Not Returned,
ORD00484,C1367,P001,2026-02-11,2026-02-15,Delivered,1,2499,4,Not Returned,
ORD00485,C1440,P003,2026-02-07,2026-02-14,Returned,2,3998,7,Returned,Changed mind
ORD00486,C1300,P006,2025-10-02,2025-10-06,Delivered,1,2799,4,Not Returned,
ORD00487,C1249,P002,2026-02-14,2026-02-15,Delivered,1,3199,1,Not Returned,
ORD00488,C1314,P011,2026-02-04,2026-02-13,Delivered,2,4398,9,Not Returned,
ORD00489,C1090,P006,2025-12-18,2025-12-23,Delivered,1,2799,5,Not Returned,
ORD00490,C1494,P012,2025-08-26,2025-08-28,Delivered,3,8997,2,Not Returned,
ORD00491,C1289,P010,2025-09-11,,Cancelled,1,2599,,Not Returned,
ORD00492,C1163,P002,2026-05-07,2026-05-08,Delivered,1,3199,1,Not Returned,
ORD00493,C1005,P003,2026-07-17,2026-07-22,Delivered,1,1999,5,Not Returned,
ORD00494,C1402,P005,2025-12-11,2025-12-12,Delivered,1,3499,1,Not Returned,
ORD00495,C1279,P002,2025-08-26,2025-08-27,Returned,1,3199,1,Returned,Size issue
ORD00496,C1388,P007,2025-10-16,2025-10-22,Delivered,1,1499,6,Not Returned,
ORD00497,C1037,P011,2025-12-19,2025-12-24,Delivered,3,6597,5,Not Returned,
ORD00498,C1482,P006,2025-11-21,2025-11-26,Delivered,1,2799,5,Not Returned,
ORD00499,C1310,P002,2026-02-15,2026-02-24,Delivered,1,3199,9,Not Returned,
ORD00500,C1097,P007,2025-11-14,2025-11-18,Delivered,1,1499,4,Not Returned,
ORD00501,C1121,P007,2026-08-17,2026-08-20,Delivered,1,1499,3,Not Returned,
ORD00502,C1218,P002,2025-09-20,2025-09-21,Returned,1,3199,1,Returned,Size issue
ORD00503,C1242,P002,2026-01-23,2026-01-31,Delivered,3,9597,8,Not Returned,
ORD00504,C1198,P002,2026-01-30,2026-02-02,Returned,1,3199,3,Returned,Size issue
ORD00505,C1115,P003,2026-03-03,2026-03-05,Delivered,1,1999,2,Not Returned,
ORD00506,C1049,P005,2026-06-10,2026-06-16,Delivered,1,3499,6,Not Returned,
ORD00507,C1198,P002,2026-08-03,2026-08-08,Delivered,1,3199,5,Not Returned,
ORD00508,C1293,P009,2026-03-28,2026-03-30,Delivered,2,5798,2,Not Returned,
ORD00509,C1409,P004,2026-04-26,2026-05-04,Delivered,2,4598,8,Not Returned,
ORD00510,C1229,P010,2026-08-07,2026-08-13,Delivered,2,5198,6,Not Returned,
ORD00511,C1222,P003,2025-11-19,2025-11-23,Delivered,3,5997,4,Not Returned,
ORD00512,C1468,P004,2026-07-13,2026-07-16,Delivered,2,4598,3,Not Returned,
ORD00513,C1006,P002,2025-10-09,2025-10-10,Delivered,2,6398,1,Not Returned,
ORD00514,C1212,P012,2026-07-11,2026-07-14,Delivered,1,2999,3,Not Returned,
ORD00515,C1288,P003,2025-11-09,,Cancelled,2,3998,,Not Returned,
ORD00516,C1292,P002,2026-01-19,2026-01-21,Returned,1,3199,2,Returned,Size issue
ORD00517,C1205,P010,2026-04-25,2026-04-30,Delivered,1,2599,5,Not Returned,
ORD00518,C1243,P001,2026-03-16,2026-03-22,Delivered,1,2499,6,Not Returned,
ORD00519,C1439,P005,2026-03-04,2026-03-06,Delivered,2,6998,2,Not Returned,
ORD00520,C1153,P012,2026-08-11,,Cancelled,1,2999,,Not Returned,
ORD00521,C1108,P012,2026-04-09,2026-04-13,Delivered,1,2999,4,Not Returned,
ORD00522,C1081,P007,2026-05-01,2026-05-07,Returned,1,1499,6,Returned,Changed mind
ORD00523,C1448,P002,2026-02-01,2026-02-02,Delivered,1,3199,1,Not Returned,
ORD00524,C1421,P004,2025-09-24,2025-10-04,Returned,1,2299,10,Returned,Late delivery
ORD00525,C1304,P008,2026-05-11,2026-05-14,Delivered,1,3699,3,Not Returned,
ORD00526,C1083,P008,2025-11-24,2025-11-27,Delivered,1,3699,3,Not Returned,
ORD00527,C1494,P005,2026-08-13,2026-08-17,Delivered,1,3499,4,Not Returned,
ORD00528,C1010,P004,2025-12-17,2025-12-28,Delivered,1,2299,11,Not Returned,
ORD00529,C1412,P011,2025-08-30,2025-09-06,Delivered,1,2199,7,Not Returned,
ORD00530,C1436,P005,2026-08-25,2026-08-27,Delivered,2,6998,2,Not Returned,
ORD00531,C1299,P006,2026-04-18,2026-04-22,Delivered,1,2799,4,Not Returned,
ORD00532,C1287,P002,2025-08-29,,Cancelled,2,6398,,Not Returned,
ORD00533,C1166,P011,2026-06-26,2026-06-29,Delivered,1,2199,3,Not Returned,
ORD00534,C1152,P005,2026-01-06,2026-01-13,Delivered,2,6998,7,Not Returned,
ORD00535,C1348,P004,2025-11-10,2025-11-14,Returned,1,2299,4,Returned,Wrong product
ORD00536,C1464,P003,2025-09-08,2025-09-09,Delivered,1,1999,1,Not Returned,
ORD00537,C1175,P007,2026-03-21,2026-03-25,In Transit,2,2998,4,Not Returned,
ORD00538,C1481,P012,2025-12-17,2025-12-18,Delivered,1,2999,1,Not Returned,
ORD00539,C1241,P011,2026-02-25,2026-03-01,Delivered,1,2199,4,Not Returned,
ORD00540,C1348,P003,2026-01-05,2026-01-10,Delivered,1,1999,5,Not Returned,
ORD00541,C1190,P006,2026-07-27,2026-07-31,Returned,2,5598,4,Returned,Quality issue
ORD00542,C1027,P005,2026-06-21,2026-06-27,Delivered,1,3499,6,Not Returned,
ORD00543,C1195,P011,2026-06-20,2026-06-25,Delivered,2,4398,5,Not Returned,
ORD00544,C1070,P009,2026-01-25,2026-01-29,Delivered,2,5798,4,Not Returned,
ORD00545,C1092,P004,2026-02-17,2026-02-26,Delivered,2,4598,9,Not Returned,
ORD00546,C1002,P002,2026-05-02,2026-05-06,Delivered,1,3199,4,Not Returned,
ORD00547,C1390,P008,2026-01-13,2026-01-17,Delivered,1,3699,4,Not Returned,
ORD00548,C1244,P002,2025-10-31,2025-11-03,Delivered,1,3199,3,Not Returned,
ORD00549,C1387,P007,2025-08-28,,Cancelled,2,2998,,Not Returned,
ORD00550,C1127,P009,2025-12-01,2025-12-04,Delivered,1,2899,3,Not Returned,
ORD00551,C1023,P004,2026-08-16,2026-08-20,Delivered,1,2299,4,Not Returned,
ORD00552,C1172,P005,2026-01-21,2026-01-26,Delivered,1,3499,5,Not Returned,
ORD00553,C1485,P007,2026-08-12,2026-08-13,Delivered,1,1499,1,Not Returned,
ORD00554,C1108,P007,2025-09-04,2025-09-12,Delivered,3,4497,8,Not Returned,
ORD00555,C1192,P012,2025-09-06,2025-09-09,Delivered,2,5998,3,Not Returned,
ORD00556,C1055,P011,2026-01-03,2026-01-07,Delivered,1,2199,4,Not Returned,
ORD00557,C1078,P011,2025-09-05,2025-09-08,Delivered,1,2199,3,Not Returned,
ORD00558,C1138,P004,2026-08-16,2026-08-25,Delivered,1,2299,9,Not Returned,
ORD00559,C1144,P010,2026-07-02,2026-07-03,Delivered,1,2599,1,Not Returned,
ORD00560,C1267,P002,2025-10-19,2025-10-25,Delivered,1,3199,6,Not Returned,
ORD00561,C1169,P004,2026-02-25,2026-03-01,Delivered,2,4598,4,Not Returned,
ORD00562,C1076,P004,2025-08-27,2025-09-01,Returned,1,2299,5,Returned,Late delivery
ORD00563,C1151,P002,2026-05-14,2026-05-18,Delivered,3,9597,4,Not Returned,
ORD00564,C1020,P005,2026-04-20,2026-04-23,Delivered,1,3499,3,Not Returned,
ORD00565,C1070,P005,2026-02-26,2026-03-01,Returned,1,3499,3,Returned,Wrong product
ORD00566,C1375,P011,2026-07-23,2026-07-27,Returned,1,2199,4,Returned,Late delivery
ORD00567,C1435,P002,2026-03-04,2026-03-09,Delivered,1,3199,5,Not Returned,
ORD00568,C1371,P008,2026-03-29,2026-04-04,Returned,1,3699,6,Returned,Size issue
ORD00569,C1194,P001,2025-11-15,2025-11-16,Returned,1,2499,1,Returned,Quality issue
ORD00570,C1456,P006,2026-07-05,2026-07-10,Returned,1,2799,5,Returned,Wrong product
ORD00571,C1160,P003,2026-04-30,2026-05-06,Delivered,1,1999,6,Not Returned,
ORD00572,C1289,P001,2026-08-21,2026-08-26,Delivered,1,2499,5,Not Returned,
ORD00573,C1246,P004,2026-08-03,2026-08-04,Delivered,1,2299,1,Not Returned,
ORD00574,C1285,P006,2026-07-31,2026-08-04,Delivered,2,5598,4,Not Returned,
ORD00575,C1038,P010,2025-09-22,2025-09-25,Returned,2,5198,3,Returned,Wrong product
ORD00576,C1259,P008,2026-02-06,2026-02-09,Delivered,1,3699,3,Not Returned,
ORD00577,C1228,P004,2026-06-03,2026-06-11,Returned,2,4598,8,Returned,Changed mind
ORD00578,C1206,P006,2025-10-25,2025-11-01,Delivered,1,2799,7,Not Returned,
ORD00579,C1326,P007,2025-09-13,2025-09-14,Delivered,3,4497,1,Not Returned,
ORD00580,C1486,P005,2026-05-13,2026-05-16,Delivered,1,3499,3,Not Returned,
ORD00581,C1307,P006,2026-02-28,2026-03-06,Delivered,1,2799,6,Not Returned,
ORD00582,C1388,P008,2026-07-28,2026-07-29,Delivered,1,3699,1,Not Returned,
ORD00583,C1359,P011,2025-12-17,2025-12-19,Delivered,1,2199,2,Not Returned,
ORD00584,C1130,P002,2025-09-18,2025-09-25,Returned,1,3199,7,Returned,Changed mind
ORD00585,C1097,P010,2025-12-04,2025-12-11,Delivered,2,5198,7,Not Returned,
ORD00586,C1324,P012,2026-02-15,2026-02-22,Delivered,1,2999,7,Not Returned,
ORD00587,C1255,P011,2026-06-23,,Cancelled,1,2199,,Not Returned,
ORD00588,C1299,P001,2026-05-24,2026-05-26,Delivered,1,2499,2,Not Returned,
ORD00589,C1310,P008,2026-05-13,2026-05-17,Returned,1,3699,4,Returned,Size issue
ORD00590,C1354,P006,2026-05-11,2026-05-14,Delivered,1,2799,3,Not Returned,
ORD00591,C1358,P004,2026-01-13,2026-01-23,Delivered,1,2299,10,Not Returned,
ORD00592,C1377,P012,2026-05-15,2026-05-18,Returned,1,2999,3,Returned,Quality issue
ORD00593,C1344,P009,2026-07-15,2026-07-20,Delivered,1,2899,5,Not Returned,
ORD00594,C1277,P003,2026-08-24,,Cancelled,1,1999,,Not Returned,
ORD00595,C1482,P012,2026-07-18,2026-07-21,Delivered,1,2999,3,Not Returned,
ORD00596,C1216,P011,2026-08-24,2026-08-25,Returned,2,4398,1,Returned,Changed mind
ORD00597,C1384,P001,2026-05-20,2026-05-25,Delivered,1,2499,5,Not Returned,
ORD00598,C1401,P003,2026-01-19,2026-01-23,Delivered,1,1999,4,Not Returned,
ORD00599,C1378,P005,2025-12-08,2025-12-16,Delivered,2,6998,8,Not Returned,
ORD00600,C1401,P009,2025-12-18,2025-12-23,Delivered,1,2899,5,Not Returned,
ORD00601,C1160,P012,2026-01-20,,Cancelled,3,8997,,Not Returned,
ORD00602,C1444,P009,2025-09-22,2025-09-25,Delivered,1,2899,3,Not Returned,
ORD00603,C1308,P008,2025-12-19,2025-12-22,Delivered,1,3699,3,Not Returned,
ORD00604,C1492,P004,2025-12-03,2025-12-04,In Transit,1,2299,1,Not Returned,
ORD00605,C1299,P003,2026-05-16,2026-05-18,Delivered,1,1999,2,Not Returned,
ORD00606,C1020,P005,2025-08-28,2025-09-03,Delivered,2,6998,6,Not Returned,
ORD00607,C1251,P003,2026-02-07,2026-02-16,Delivered,1,1999,9,Not Returned,
ORD00608,C1269,P010,2026-06-03,2026-06-09,Delivered,1,2599,6,Not Returned,
ORD00609,C1113,P004,2025-11-28,2025-12-04,Delivered,1,2299,6,Not Returned,
ORD00610,C1316,P004,2026-07-31,2026-08-05,Delivered,3,6897,5,Not Returned,
ORD00611,C1228,P009,2026-04-26,2026-05-03,Delivered,1,2899,7,Not Returned,
ORD00612,C1453,P004,2026-07-20,2026-07-21,Delivered,1,2299,1,Not Returned,
ORD00613,C1420,P006,2026-03-09,2026-03-11,Delivered,2,5598,2,Not Returned,
ORD00614,C1459,P006,2026-05-16,2026-05-22,Delivered,1,2799,6,Not Returned,
ORD00615,C1003,P011,2025-12-02,,Cancelled,1,2199,,Not Returned,
ORD00616,C1217,P011,2025-09-28,2025-10-02,Delivered,2,4398,4,Not Returned,
ORD00617,C1036,P002,2025-12-09,2025-12-15,Delivered,2,6398,6,Not Returned,
ORD00618,C1019,P012,2026-08-12,2026-08-13,Delivered,1,2999,1,Not Returned,
ORD00619,C1198,P002,2025-10-02,2025-10-17,Delivered,1,3199,15,Not Returned,
ORD00620,C1344,P008,2026-07-14,2026-07-20,Delivered,1,3699,6,Not Returned,
ORD00621,C1037,P002,2026-05-26,2026-05-28,Delivered,1,3199,2,Not Returned,
ORD00622,C1310,P006,2026-05-10,2026-05-12,Delivered,1,2799,2,Not Returned,
ORD00623,C1200,P002,2026-01-17,2026-01-23,Delivered,1,3199,6,Not Returned,
ORD00624,C1468,P009,2026-01-24,2026-01-31,Delivered,1,2899,7,Not Returned,
ORD00625,C1293,P012,2026-07-23,2026-07-27,Returned,1,2999,4,Returned,Size issue
ORD00626,C1107,P010,2026-03-15,2026-03-19,Delivered,1,2599,4,Not Returned,
ORD00627,C1113,P012,2026-02-18,2026-02-19,Delivered,1,2999,1,Not Returned,
ORD00628,C1290,P010,2026-01-02,2026-01-08,Delivered,1,2599,6,Not Returned,
ORD00629,C1101,P001,2026-06-03,2026-06-06,Delivered,1,2499,3,Not Returned,
ORD00630,C1343,P012,2026-06-19,,Cancelled,1,2999,,Not Returned,
ORD00631,C1337,P011,2025-12-24,2025-12-28,Delivered,1,2199,4,Not Returned,
ORD00632,C1413,P005,2026-08-16,2026-08-21,Delivered,1,3499,5,Not Returned,
ORD00633,C1223,P006,2026-04-02,2026-04-08,Delivered,1,2799,6,Not Returned,
ORD00634,C1245,P005,2026-02-26,2026-03-02,Delivered,1,3499,4,Not Returned,
ORD00635,C1041,P008,2026-04-11,2026-04-15,Delivered,1,3699,4,Not Returned,
ORD00636,C1320,P005,2025-11-05,2025-11-06,Delivered,1,3499,1,Not Returned,
ORD00637,C1108,P002,2025-10-03,2025-10-09,Delivered,1,3199,6,Not Returned,
ORD00638,C1241,P001,2026-06-04,2026-06-05,Delivered,3,7497,1,Not Returned,
ORD00639,C1046,P011,2025-11-10,2025-11-11,Returned,1,2199,1,Returned,Size issue
ORD00640,C1493,P007,2026-02-28,2026-03-07,Delivered,1,1499,7,Not Returned,
ORD00641,C1289,P010,2026-08-11,2026-08-15,Delivered,1,2599,4,Not Returned,
ORD00642,C1118,P011,2025-11-08,2025-11-11,Delivered,1,2199,3,Not Returned,
ORD00643,C1469,P002,2026-01-08,2026-01-12,Delivered,1,3199,4,Not Returned,
ORD00644,C1360,P008,2025-09-18,2025-09-25,In Transit,1,3699,7,Not Returned,
ORD00645,C1334,P009,2026-07-16,2026-07-21,Delivered,1,2899,5,Not Returned,
ORD00646,C1264,P007,2026-03-01,2026-03-04,Delivered,2,2998,3,Not Returned,
ORD00647,C1309,P005,2026-03-06,2026-03-08,Returned,1,3499,2,Returned,Quality issue
ORD00648,C1263,P001,2026-05-09,2026-05-13,Delivered,1,2499,4,Not Returned,
ORD00649,C1169,P011,2026-01-16,2026-01-21,Returned,1,2199,5,Returned,Wrong product
ORD00650,C1302,P012,2025-10-23,2025-10-28,Delivered,1,2999,5,Not Returned,
ORD00651,C1322,P003,2026-07-23,2026-07-28,Delivered,1,1999,5,Not Returned,
ORD00652,C1472,P009,2025-09-15,2025-09-19,Delivered,1,2899,4,Not Returned,
ORD00653,C1338,P003,2026-05-17,2026-05-19,Delivered,1,1999,2,Not Returned,
ORD00654,C1444,P005,2025-10-08,2025-10-10,Delivered,3,10497,2,Not Returned,
ORD00655,C1093,P008,2025-11-21,2025-11-26,Delivered,2,7398,5,Not Returned,
ORD00656,C1175,P010,2026-07-29,2026-07-30,Delivered,1,2599,1,Not Returned,
ORD00657,C1267,P008,2026-06-27,2026-07-03,Delivered,1,3699,6,Not Returned,
ORD00658,C1461,P009,2026-08-11,2026-08-16,Returned,1,2899,5,Returned,Quality issue
ORD00659,C1337,P010,2026-06-29,2026-07-05,Delivered,1,2599,6,Not Returned,
ORD00660,C1332,P003,2026-06-30,2026-07-02,Returned,1,1999,2,Returned,Wrong product
ORD00661,C1410,P007,2026-05-20,2026-05-24,Delivered,1,1499,4,Not Returned,
ORD00662,C1389,P008,2026-03-09,2026-03-13,Delivered,1,3699,4,Not Returned,
ORD00663,C1042,P012,2026-06-16,2026-06-18,Delivered,2,5998,2,Not Returned,
ORD00664,C1363,P005,2026-06-28,2026-07-03,Delivered,1,3499,5,Not Returned,
ORD00665,C1411,P012,2025-08-29,2025-08-30,Delivered,1,2999,1,Not Returned,
ORD00666,C1299,P006,2026-03-23,2026-03-27,Delivered,1,2799,4,Not Returned,
ORD00667,C1386,P005,2026-01-06,2026-01-08,Delivered,1,3499,2,Not Returned,
ORD00668,C1284,P004,2026-03-25,2026-03-30,Delivered,1,2299,5,Not Returned,
ORD00669,C1442,P008,2026-01-02,2026-01-03,Delivered,1,3699,1,Not Returned,
ORD00670,C1109,P011,2025-10-25,2025-10-27,Delivered,1,2199,2,Not Returned,
ORD00671,C1199,P009,2026-03-19,2026-03-24,Delivered,1,2899,5,Not Returned,
ORD00672,C1045,P011,2025-08-28,2025-08-29,Delivered,1,2199,1,Not Returned,
ORD00673,C1335,P002,2026-01-07,,Cancelled,1,3199,,Not Returned,
ORD00674,C1089,P009,2026-01-19,2026-01-25,Delivered,1,2899,6,Not Returned,
ORD00675,C1401,P011,2026-05-06,2026-05-14,Delivered,1,2199,8,Not Returned,
ORD00676,C1345,P010,2026-05-14,2026-05-18,Delivered,1,2599,4,Not Returned,
ORD00677,C1204,P001,2026-02-26,2026-02-27,Delivered,1,2499,1,Not Returned,
ORD00678,C1007,P006,2026-08-03,2026-08-04,Delivered,1,2799,1,Not Returned,
ORD00679,C1298,P012,2026-08-21,2026-08-27,Delivered,1,2999,6,Not Returned,
ORD00680,C1232,P006,2026-02-19,2026-02-22,Delivered,3,8397,3,Not Returned,
ORD00681,C1150,P007,2026-06-16,2026-06-20,Delivered,1,1499,4,Not Returned,
ORD00682,C1416,P006,2025-10-24,,Cancelled,2,5598,,Not Returned,
ORD00683,C1492,P010,2026-01-01,2026-01-08,Delivered,1,2599,7,Not Returned,
ORD00684,C1132,P008,2026-08-09,2026-08-12,Returned,1,3699,3,Returned,Wrong product
ORD00685,C1274,P002,2026-03-09,2026-03-13,Returned,1,3199,4,Returned,Size issue
ORD00686,C1344,P001,2026-08-19,2026-08-21,Delivered,1,2499,2,Not Returned,
ORD00687,C1293,P012,2026-02-17,2026-02-20,Delivered,1,2999,3,Not Returned,
ORD00688,C1376,P005,2025-11-27,2025-12-01,Delivered,1,3499,4,Not Returned,
ORD00689,C1061,P004,2026-01-08,2026-01-13,Delivered,1,2299,5,Not Returned,
ORD00690,C1021,P002,2026-08-07,2026-08-15,Delivered,1,3199,8,Not Returned,
ORD00691,C1093,P008,2026-03-04,2026-03-06,Returned,1,3699,2,Returned,Quality issue
ORD00692,C1027,P009,2026-01-16,2026-01-24,Delivered,1,2899,8,Not Returned,
ORD00693,C1397,P009,2026-03-30,2026-04-04,Delivered,2,5798,5,Not Returned,
ORD00694,C1352,P003,2026-04-17,2026-04-21,Delivered,1,1999,4,Not Returned,
ORD00695,C1095,P001,2025-09-01,2025-09-04,Delivered,2,4998,3,Not Returned,
ORD00696,C1175,P009,2026-01-07,2026-01-12,Delivered,3,8697,5,Not Returned,
ORD00697,C1205,P006,2025-11-28,2025-11-30,Delivered,1,2799,2,Not Returned,
ORD00698,C1351,P005,2026-04-13,2026-04-18,Delivered,3,10497,5,Not Returned,
ORD00699,C1378,P004,2025-10-16,2025-10-21,Delivered,2,4598,5,Not Returned,
ORD00700,C1457,P003,2026-04-25,2026-04-26,Delivered,1,1999,1,Not Returned,
ORD00701,C1203,P011,2026-05-17,2026-05-20,Delivered,1,2199,3,Not Returned,
ORD00702,C1049,P002,2026-08-14,2026-08-25,Delivered,2,6398,11,Not Returned,
ORD00703,C1010,P008,2026-02-13,,Cancelled,1,3699,,Not Returned,
ORD00704,C1294,P007,2025-10-27,2025-11-02,Returned,1,1499,6,Returned,Late delivery
ORD00705,C1377,P011,2026-07-24,2026-07-30,Delivered,1,2199,6,Not Returned,
ORD00706,C1489,P008,2025-10-05,2025-10-12,Delivered,1,3699,7,Not Returned,
ORD00707,C1434,P003,2025-11-19,2025-11-24,Delivered,1,1999,5,Not Returned,
ORD00708,C1363,P002,2025-10-05,2025-10-07,Delivered,1,3199,2,Not Returned,
ORD00709,C1382,P005,2026-07-01,2026-07-02,Delivered,2,6998,1,Not Returned,
ORD00710,C1011,P010,2026-05-19,2026-05-26,Delivered,1,2599,7,Not Returned,
ORD00711,C1052,P003,2025-12-24,2025-12-31,Delivered,1,1999,7,Not Returned,
ORD00712,C1391,P002,2025-09-27,2025-09-30,Delivered,1,3199,3,Not Returned,
ORD00713,C1377,P002,2025-10-18,2025-10-21,Delivered,1,3199,3,Not Returned,
ORD00714,C1087,P005,2026-04-09,2026-04-12,Delivered,1,3499,3,Not Returned,
ORD00715,C1276,P001,2025-09-12,2025-09-17,Delivered,3,7497,5,Not Returned,
ORD00716,C1276,P005,2026-06-02,2026-06-04,Delivered,2,6998,2,Not Returned,
ORD00717,C1273,P003,2026-06-24,2026-06-25,Returned,1,1999,1,Returned,Comfort issue
ORD00718,C1226,P005,2026-02-19,2026-02-24,Delivered,2,6998,5,Not Returned,
ORD00719,C1434,P005,2026-03-01,2026-03-05,Delivered,2,6998,4,Not Returned,
ORD00720,C1472,P003,2026-02-18,2026-02-24,Delivered,1,1999,6,Not Returned,
ORD00721,C1003,P008,2026-04-27,2026-05-03,Delivered,1,3699,6,Not Returned,
ORD00722,C1202,P009,2026-03-05,2026-03-09,Delivered,1,2899,4,Not Returned,
ORD00723,C1409,P004,2025-11-17,2025-11-26,Delivered,1,2299,9,Not Returned,
ORD00724,C1414,P010,2026-08-16,2026-08-21,Delivered,1,2599,5,Not Returned,
ORD00725,C1316,P005,2026-03-25,2026-03-30,Delivered,1,3499,5,Not Returned,
ORD00726,C1077,P008,2026-01-12,2026-01-15,Delivered,1,3699,3,Not Returned,
ORD00727,C1372,P001,2026-05-26,2026-05-30,Delivered,1,2499,4,Not Returned,
ORD00728,C1175,P001,2025-12-23,2025-12-28,Delivered,1,2499,5,Not Returned,
ORD00729,C1431,P007,2026-02-01,2026-02-07,Delivered,1,1499,6,Not Returned,
ORD00730,C1240,P003,2025-09-23,2025-09-27,Delivered,1,1999,4,Not Returned,
ORD00731,C1127,P003,2025-12-02,2025-12-08,Delivered,1,1999,6,Not Returned,
ORD00732,C1235,P007,2026-04-09,2026-04-10,Delivered,1,1499,1,Not Returned,
ORD00733,C1479,P012,2025-10-13,2025-10-16,Delivered,3,8997,3,Not Returned,
ORD00734,C1281,P006,2025-11-15,2025-11-18,Delivered,1,2799,3,Not Returned,
ORD00735,C1341,P009,2025-10-27,2025-10-29,Delivered,1,2899,2,Not Returned,
ORD00736,C1141,P004,2025-10-22,2025-10-26,Delivered,1,2299,4,Not Returned,
ORD00737,C1243,P010,2025-10-26,2025-10-30,Delivered,2,5198,4,Not Returned,
ORD00738,C1080,P012,2026-06-27,2026-07-01,Delivered,1,2999,4,Not Returned,
ORD00739,C1182,P008,2025-10-11,2025-10-12,Delivered,1,3699,1,Not Returned,
ORD00740,C1285,P011,2025-11-12,2025-11-21,Delivered,1,2199,9,Not Returned,
ORD00741,C1020,P011,2026-02-19,2026-02-23,Delivered,1,2199,4,Not Returned,
ORD00742,C1250,P008,2026-08-22,2026-08-26,Delivered,1,3699,4,Not Returned,
ORD00743,C1082,P004,2026-06-12,2026-06-14,Returned,2,4598,2,Returned,Wrong product
ORD00744,C1397,P002,2026-05-24,2026-05-27,Returned,1,3199,3,Returned,Size issue
ORD00745,C1164,P011,2026-05-12,2026-05-16,Delivered,1,2199,4,Not Returned,
ORD00746,C1097,P012,2025-09-27,,Cancelled,2,5998,,Not Returned,
ORD00747,C1164,P009,2026-08-10,2026-08-14,Delivered,1,2899,4,Not Returned,
ORD00748,C1091,P002,2025-10-14,2025-10-17,Delivered,2,6398,3,Not Returned,
ORD00749,C1336,P001,2025-12-07,2025-12-10,Delivered,2,4998,3,Not Returned,
ORD00750,C1187,P008,2026-05-22,2026-05-26,Delivered,1,3699,4,Not Returned,
ORD00751,C1327,P004,2026-07-02,2026-07-11,Returned,1,2299,9,Returned,Late delivery
ORD00752,C1420,P001,2026-02-26,2026-03-02,Delivered,2,4998,4,Not Returned,
ORD00753,C1155,P006,2026-08-23,2026-08-28,Delivered,1,2799,5,Not Returned,
ORD00754,C1097,P002,2025-12-14,2025-12-16,Delivered,1,3199,2,Not Returned,
ORD00755,C1392,P004,2026-05-22,2026-06-04,Delivered,1,2299,13,Not Returned,
ORD00756,C1053,P011,2026-06-17,2026-06-24,Delivered,1,2199,7,Not Returned,
ORD00757,C1226,P003,2025-11-26,2025-11-28,Delivered,3,5997,2,Not Returned,
ORD00758,C1190,P006,2026-02-03,2026-02-08,In Transit,1,2799,5,Not Returned,
ORD00759,C1192,P007,2026-07-16,2026-07-21,Delivered,1,1499,5,Not Returned,
ORD00760,C1203,P009,2026-01-03,,Cancelled,1,2899,,Not Returned,
ORD00761,C1153,P001,2025-09-12,2025-09-14,In Transit,1,2499,2,Not Returned,
ORD00762,C1470,P004,2025-12-13,,Cancelled,2,4598,,Not Returned,
ORD00763,C1079,P009,2026-05-14,2026-05-15,Delivered,1,2899,1,Not Returned,
ORD00764,C1153,P003,2026-01-08,2026-01-11,Returned,1,1999,3,Returned,Size issue
ORD00765,C1249,P002,2026-06-14,2026-06-17,Delivered,1,3199,3,Not Returned,
ORD00766,C1019,P012,2026-08-20,2026-08-23,Returned,1,2999,3,Returned,Size issue
ORD00767,C1418,P012,2026-06-17,2026-06-22,Delivered,1,2999,5,Not Returned,
ORD00768,C1308,P007,2026-03-27,2026-03-31,Returned,1,1499,4,Returned,Size issue
ORD00769,C1076,P001,2026-07-16,2026-07-19,Delivered,1,2499,3,Not Returned,
ORD00770,C1201,P006,2026-05-10,2026-05-15,Delivered,1,2799,5,Not Returned,
ORD00771,C1067,P008,2026-06-26,2026-06-28,Delivered,1,3699,2,Not Returned,
ORD00772,C1204,P006,2025-10-07,2025-10-11,Delivered,1,2799,4,Not Returned,
ORD00773,C1286,P005,2025-10-08,2025-10-09,Delivered,1,3499,1,Not Returned,
ORD00774,C1376,P004,2026-05-02,2026-05-06,Delivered,1,2299,4,Not Returned,
ORD00775,C1045,P009,2025-12-30,2026-01-06,Delivered,2,5798,7,Not Returned,
ORD00776,C1304,P002,2026-08-04,2026-08-10,Delivered,1,3199,6,Not Returned,
ORD00777,C1473,P011,2025-09-07,2025-09-12,Returned,1,2199,5,Returned,Changed mind
ORD00778,C1485,P004,2025-12-06,2025-12-21,Returned,1,2299,15,Returned,Size issue
ORD00779,C1011,P010,2025-11-09,2025-11-16,Delivered,1,2599,7,Not Returned,
ORD00780,C1384,P006,2025-12-11,2025-12-15,Delivered,1,2799,4,Not Returned,
ORD00781,C1192,P005,2026-06-02,2026-06-03,Delivered,1,3499,1,Not Returned,
ORD00782,C1145,P010,2026-07-31,2026-08-01,Delivered,1,2599,1,Not Returned,
ORD00783,C1339,P004,2026-08-17,2026-08-21,Delivered,1,2299,4,Not Returned,
ORD00784,C1260,P011,2026-02-26,2026-03-14,Returned,3,6597,16,Returned,Comfort issue
ORD00785,C1494,P012,2025-10-15,2025-10-16,Delivered,1,2999,1,Not Returned,
ORD00786,C1156,P008,2026-06-09,2026-06-13,Delivered,2,7398,4,Not Returned,
ORD00787,C1154,P006,2026-05-03,2026-05-07,Delivered,1,2799,4,Not Returned,
ORD00788,C1455,P004,2026-05-09,2026-05-13,Delivered,2,4598,4,Not Returned,
ORD00789,C1373,P001,2026-06-06,2026-06-10,Delivered,1,2499,4,Not Returned,
ORD00790,C1293,P007,2026-05-19,2026-05-25,Returned,1,1499,6,Returned,Quality issue
ORD00791,C1070,P003,2026-04-01,2026-04-07,Delivered,1,1999,6,Not Returned,
ORD00792,C1268,P010,2026-05-30,2026-06-02,Returned,1,2599,3,Returned,Size issue
ORD00793,C1272,P003,2026-04-03,2026-04-05,Delivered,1,1999,2,Not Returned,
ORD00794,C1372,P012,2025-10-25,2025-10-27,Delivered,2,5998,2,Not Returned,
ORD00795,C1326,P001,2026-02-05,2026-02-11,Delivered,2,4998,6,Not Returned,
ORD00796,C1094,P012,2026-01-13,2026-01-17,Delivered,1,2999,4,Not Returned,
ORD00797,C1351,P001,2026-07-05,2026-07-09,Delivered,1,2499,4,Not Returned,
ORD00798,C1257,P001,2026-02-25,2026-03-04,Delivered,1,2499,7,Not Returned,
ORD00799,C1098,P010,2026-04-23,2026-04-24,Delivered,1,2599,1,Not Returned,
ORD00800,C1211,P004,2025-09-11,2025-09-18,Delivered,1,2299,7,Not Returned,
ORD00801,C1250,P004,2026-08-04,2026-08-08,In Transit,2,4598,4,Not Returned,
ORD00802,C1311,P012,2026-02-08,2026-02-11,Returned,1,2999,3,Returned,Quality issue
ORD00803,C1328,P012,2026-03-08,2026-03-09,Delivered,1,2999,1,Not Returned,
ORD00804,C1449,P012,2025-09-14,2025-09-21,Delivered,1,2999,7,Not Returned,
ORD00805,C1391,P001,2025-12-29,2025-12-30,Delivered,1,2499,1,Not Returned,
ORD00806,C1423,P011,2025-09-20,2025-09-23,Delivered,1,2199,3,Not Returned,
ORD00807,C1072,P005,2026-04-19,2026-04-20,Delivered,1,3499,1,Not Returned,
ORD00808,C1092,P008,2026-07-22,2026-07-27,Delivered,1,3699,5,Not Returned,
ORD00809,C1302,P010,2026-08-17,2026-08-22,Delivered,1,2599,5,Not Returned,
ORD00810,C1332,P012,2025-12-07,2025-12-13,Delivered,1,2999,6,Not Returned,
ORD00811,C1362,P012,2025-11-17,2025-11-24,Delivered,1,2999,7,Not Returned,
ORD00812,C1194,P007,2026-05-14,,Cancelled,1,1499,,Not Returned,
ORD00813,C1091,P001,2025-11-21,2025-11-22,Delivered,2,4998,1,Not Returned,
ORD00814,C1492,P012,2025-09-21,2025-09-24,Delivered,1,2999,3,Not Returned,
ORD00815,C1391,P008,2026-01-20,,Cancelled,1,3699,,Not Returned,
ORD00816,C1413,P005,2025-09-01,2025-09-09,Delivered,1,3499,8,Not Returned,
ORD00817,C1040,P001,2026-07-03,2026-07-07,Delivered,1,2499,4,Not Returned,
ORD00818,C1317,P010,2026-06-29,2026-07-06,Delivered,1,2599,7,Not Returned,
ORD00819,C1341,P011,2026-06-07,2026-06-12,Delivered,2,4398,5,Not Returned,
ORD00820,C1055,P010,2026-06-30,2026-07-04,Delivered,1,2599,4,Not Returned,
ORD00821,C1403,P007,2025-11-25,2025-11-28,Delivered,1,1499,3,Not Returned,
ORD00822,C1018,P009,2025-11-24,2025-11-25,Delivered,1,2899,1,Not Returned,
ORD00823,C1062,P002,2026-01-26,2026-02-05,Returned,1,3199,10,Returned,Size issue
ORD00824,C1356,P012,2026-01-13,2026-01-19,Delivered,1,2999,6,Not Returned,
ORD00825,C1352,P004,2026-07-05,2026-07-12,In Transit,1,2299,7,Not Returned,
ORD00826,C1132,P010,2026-08-22,2026-08-28,Delivered,2,5198,6,Not Returned,
ORD00827,C1323,P009,2026-06-16,2026-06-19,Delivered,1,2899,3,Not Returned,
ORD00828,C1099,P008,2026-05-05,2026-05-10,Returned,1,3699,5,Returned,Size issue
ORD00829,C1315,P001,2025-10-25,2025-10-26,Delivered,1,2499,1,Not Returned,
ORD00830,C1326,P007,2026-03-25,2026-03-30,Delivered,1,1499,5,Not Returned,
ORD00831,C1165,P004,2025-08-31,2025-09-05,Delivered,1,2299,5,Not Returned,
ORD00832,C1315,P001,2025-10-23,2025-10-29,Delivered,1,2499,6,Not Returned,
ORD00833,C1408,P001,2025-11-23,2025-11-26,Delivered,2,4998,3,Not Returned,
ORD00834,C1456,P001,2026-07-22,2026-07-28,Delivered,1,2499,6,Not Returned,
ORD00835,C1153,P009,2026-02-13,2026-02-17,Delivered,2,5798,4,Not Returned,
ORD00836,C1295,P010,2026-08-08,2026-08-10,Delivered,1,2599,2,Not Returned,
ORD00837,C1273,P011,2026-02-11,2026-02-16,Delivered,1,2199,5,Not Returned,
ORD00838,C1442,P003,2026-06-14,2026-06-19,Delivered,1,1999,5,Not Returned,
ORD00839,C1190,P005,2026-08-22,2026-08-26,Delivered,2,6998,4,Not Returned,
ORD00840,C1191,P008,2026-01-27,2026-01-29,Delivered,1,3699,2,Not Returned,
ORD00841,C1097,P001,2025-12-07,2025-12-11,Delivered,1,2499,4,Not Returned,
ORD00842,C1393,P006,2026-04-30,2026-05-04,Delivered,1,2799,4,Not Returned,
ORD00843,C1022,P002,2026-05-17,2026-05-21,Returned,1,3199,4,Returned,Size issue
ORD00844,C1381,P011,2026-06-26,2026-07-01,Returned,1,2199,5,Returned,Size issue
ORD00845,C1146,P005,2025-09-06,2025-09-10,Delivered,1,3499,4,Not Returned,
ORD00846,C1139,P005,2026-05-25,2026-05-26,Delivered,1,3499,1,Not Returned,
ORD00847,C1277,P003,2025-11-14,2025-11-22,Delivered,1,1999,8,Not Returned,
ORD00848,C1411,P006,2026-06-03,2026-06-11,Delivered,2,5598,8,Not Returned,
ORD00849,C1014,P005,2026-06-15,2026-06-20,Returned,1,3499,5,Returned,Quality issue
ORD00850,C1218,P008,2026-08-06,2026-08-12,Delivered,1,3699,6,Not Returned,
ORD00851,C1182,P007,2025-11-25,2025-12-01,Delivered,1,1499,6,Not Returned,
ORD00852,C1273,P005,2026-02-12,2026-02-14,Delivered,1,3499,2,Not Returned,
ORD00853,C1350,P002,2026-04-21,2026-04-28,Delivered,1,3199,7,Not Returned,
ORD00854,C1458,P011,2026-08-24,,Cancelled,1,2199,,Not Returned,
ORD00855,C1451,P010,2026-01-05,2026-01-06,Delivered,2,5198,1,Not Returned,
ORD00856,C1179,P006,2026-04-15,2026-04-21,Delivered,1,2799,6,Not Returned,
ORD00857,C1207,P008,2026-04-19,2026-04-23,Delivered,1,3699,4,Not Returned,
ORD00858,C1154,P012,2025-10-19,2025-10-25,Delivered,1,2999,6,Not Returned,
ORD00859,C1246,P009,2026-04-19,2026-04-22,Delivered,1,2899,3,Not Returned,
ORD00860,C1220,P007,2025-09-28,2025-10-01,Delivered,1,1499,3,Not Returned,
ORD00861,C1476,P007,2026-06-12,2026-06-14,Delivered,1,1499,2,Not Returned,
ORD00862,C1166,P012,2026-06-15,2026-06-19,Delivered,1,2999,4,Not Returned,
ORD00863,C1416,P009,2025-10-14,2025-10-20,Delivered,1,2899,6,Not Returned,
ORD00864,C1046,P010,2026-03-08,2026-03-17,Delivered,1,2599,9,Not Returned,
ORD00865,C1149,P004,2025-11-05,2025-11-17,Delivered,1,2299,12,Not Returned,
ORD00866,C1449,P007,2026-07-07,2026-07-09,Delivered,1,1499,2,Not Returned,
ORD00867,C1468,P006,2026-01-26,2026-01-31,Returned,1,2799,5,Returned,Late delivery
ORD00868,C1206,P006,2025-10-10,2025-10-11,Delivered,3,8397,1,Not Returned,
ORD00869,C1420,P003,2026-01-23,2026-01-25,Delivered,1,1999,2,Not Returned,
ORD00870,C1201,P006,2025-10-21,2025-10-27,Returned,1,2799,6,Returned,Size issue
ORD00871,C1284,P011,2026-02-04,2026-02-06,Delivered,1,2199,2,Not Returned,
ORD00872,C1343,P007,2026-02-26,2026-03-03,Delivered,3,4497,5,Not Returned,
ORD00873,C1223,P003,2025-11-02,2025-11-06,Delivered,1,1999,4,Not Returned,
ORD00874,C1233,P003,2025-10-08,2025-10-12,Delivered,1,1999,4,Not Returned,
ORD00875,C1196,P012,2026-07-01,2026-07-03,Delivered,2,5998,2,Not Returned,
ORD00876,C1255,P006,2025-12-19,2025-12-21,Delivered,1,2799,2,Not Returned,
ORD00877,C1019,P012,2025-12-25,2025-12-28,Delivered,1,2999,3,Not Returned,
ORD00878,C1353,P010,2026-04-30,2026-05-09,Delivered,1,2599,9,Not Returned,
ORD00879,C1455,P002,2025-11-06,2025-11-16,Delivered,1,3199,10,Not Returned,
ORD00880,C1491,P010,2025-10-10,2025-10-13,Delivered,1,2599,3,Not Returned,
ORD00881,C1232,P011,2025-10-04,2025-10-05,Returned,1,2199,1,Returned,Changed mind
ORD00882,C1491,P009,2026-04-23,2026-04-26,Delivered,1,2899,3,Not Returned,
ORD00883,C1288,P005,2026-01-21,2026-01-30,Delivered,1,3499,9,Not Returned,
ORD00884,C1026,P005,2025-09-26,2025-10-01,Delivered,1,3499,5,Not Returned,
ORD00885,C1143,P011,2026-01-22,2026-02-01,Returned,1,2199,10,Returned,Comfort issue
ORD00886,C1465,P005,2026-01-04,2026-01-08,Delivered,1,3499,4,Not Returned,
ORD00887,C1248,P010,2025-11-11,2025-11-12,Delivered,1,2599,1,Not Returned,
ORD00888,C1074,P003,2026-05-23,2026-05-28,Delivered,1,1999,5,Not Returned,
ORD00889,C1371,P010,2025-11-12,2025-11-16,Delivered,1,2599,4,Not Returned,
ORD00890,C1419,P011,2025-11-19,2025-11-21,Returned,1,2199,2,Returned,Size issue
ORD00891,C1119,P002,2025-09-21,,Cancelled,2,6398,,Not Returned,
ORD00892,C1445,P007,2026-08-10,2026-08-15,Delivered,1,1499,5,Not Returned,
ORD00893,C1349,P007,2025-09-01,2025-09-07,Delivered,3,4497,6,Not Returned,
ORD00894,C1221,P001,2025-10-14,2025-10-17,Delivered,3,7497,3,Not Returned,
ORD00895,C1200,P010,2026-07-25,2026-07-28,Delivered,1,2599,3,Not Returned,
ORD00896,C1099,P008,2026-08-06,2026-08-11,Delivered,1,3699,5,Not Returned,
ORD00897,C1210,P009,2026-02-14,2026-02-18,Delivered,1,2899,4,Not Returned,
ORD00898,C1128,P002,2026-05-21,2026-05-25,Delivered,1,3199,4,Not Returned,
ORD00899,C1062,P004,2025-09-12,2025-09-15,Returned,1,2299,3,Returned,Size issue
ORD00900,C1460,P012,2025-10-26,2025-10-29,Returned,1,2999,3,Returned,Size issue
ORD00901,C1327,P011,2026-06-11,2026-06-18,Delivered,2,4398,7,Not Returned,
ORD00902,C1394,P008,2026-01-14,2026-01-16,Delivered,1,3699,2,Not Returned,
ORD00903,C1030,P006,2026-01-04,2026-01-08,Delivered,1,2799,4,Not Returned,
ORD00904,C1475,P005,2026-01-08,2026-01-10,Delivered,1,3499,2,Not Returned,
ORD00905,C1054,P004,2026-07-04,2026-07-19,Delivered,1,2299,15,Not Returned,
ORD00906,C1372,P008,2026-01-05,2026-01-11,Delivered,1,3699,6,Not Returned,
ORD00907,C1340,P005,2026-04-11,2026-04-16,Delivered,2,6998,5,Not Returned,
ORD00908,C1294,P007,2026-01-09,2026-01-12,Delivered,2,2998,3,Not Returned,
ORD00909,C1035,P001,2026-05-16,2026-05-18,Delivered,2,4998,2,Not Returned,
ORD00910,C1399,P009,2025-12-19,2025-12-23,Delivered,1,2899,4,Not Returned,
ORD00911,C1028,P008,2025-10-27,2025-10-28,Delivered,1,3699,1,Not Returned,
ORD00912,C1389,P011,2026-07-23,2026-07-26,Returned,2,4398,3,Returned,Comfort issue
ORD00913,C1356,P005,2026-07-23,2026-07-27,Delivered,1,3499,4,Not Returned,
ORD00914,C1453,P007,2025-10-19,2025-10-24,Delivered,1,1499,5,Not Returned,
ORD00915,C1032,P011,2026-04-07,2026-04-12,Delivered,1,2199,5,Not Returned,
ORD00916,C1415,P009,2026-07-21,2026-07-26,Delivered,3,8697,5,Not Returned,
ORD00917,C1108,P008,2025-09-03,2025-09-06,Delivered,1,3699,3,Not Returned,
ORD00918,C1076,P011,2026-08-02,2026-08-08,Delivered,2,4398,6,Not Returned,
ORD00919,C1241,P012,2026-06-18,2026-06-23,Delivered,1,2999,5,Not Returned,
ORD00920,C1088,P010,2025-09-18,2025-09-22,Delivered,1,2599,4,Not Returned,
ORD00921,C1058,P011,2025-09-20,2025-09-24,Returned,2,4398,4,Returned,Size issue
ORD00922,C1218,P008,2026-06-26,2026-06-29,Delivered,2,7398,3,Not Returned,
ORD00923,C1428,P006,2026-08-08,2026-08-09,Delivered,1,2799,1,Not Returned,
ORD00924,C1212,P004,2025-09-18,2025-10-01,Delivered,1,2299,13,Not Returned,
ORD00925,C1433,P003,2026-08-17,2026-08-19,Returned,1,1999,2,Returned,Size issue
ORD00926,C1003,P011,2026-07-05,2026-07-08,Delivered,1,2199,3,Not Returned,
ORD00927,C1405,P001,2025-11-25,2025-11-28,Delivered,1,2499,3,Not Returned,
ORD00928,C1267,P008,2026-08-15,2026-08-16,Delivered,1,3699,1,Not Returned,
ORD00929,C1255,P008,2026-03-24,2026-03-31,Delivered,1,3699,7,Not Returned,
ORD00930,C1285,P010,2025-10-10,2025-10-13,Returned,1,2599,3,Returned,Size issue
ORD00931,C1237,P004,2025-12-02,2025-12-12,Returned,1,2299,10,Returned,Late delivery
ORD00932,C1350,P011,2026-07-29,2026-08-01,Delivered,2,4398,3,Not Returned,
ORD00933,C1107,P008,2026-05-07,2026-05-14,Delivered,1,3699,7,Not Returned,
ORD00934,C1232,P007,2026-01-01,2026-01-09,Delivered,2,2998,8,Not Returned,
ORD00935,C1059,P001,2025-10-18,2025-10-23,Delivered,1,2499,5,Not Returned,
ORD00936,C1346,P002,2025-12-24,2025-12-27,Delivered,1,3199,3,Not Returned,
ORD00937,C1192,P006,2025-12-21,2025-12-25,Delivered,2,5598,4,Not Returned,
ORD00938,C1110,P004,2025-10-02,2025-10-07,Delivered,1,2299,5,Not Returned,
ORD00939,C1499,P010,2026-04-15,2026-04-18,Delivered,1,2599,3,Not Returned,
ORD00940,C1030,P005,2025-12-07,2025-12-12,Delivered,1,3499,5,Not Returned,
ORD00941,C1453,P005,2025-11-03,2025-11-08,Delivered,1,3499,5,Not Returned,
ORD00942,C1313,P005,2026-07-01,2026-07-03,Delivered,1,3499,2,Not Returned,
ORD00943,C1302,P003,2026-06-17,2026-06-22,Returned,3,5997,5,Returned,Comfort issue
ORD00944,C1446,P008,2026-04-19,2026-04-22,Delivered,1,3699,3,Not Returned,
ORD00945,C1459,P004,2025-12-30,,Cancelled,2,4598,,Not Returned,
ORD00946,C1393,P001,2026-03-27,2026-04-01,Delivered,1,2499,5,Not Returned,
ORD00947,C1231,P009,2025-09-12,2025-09-14,Delivered,2,5798,2,Not Returned,
ORD00948,C1374,P008,2025-12-27,2025-12-31,Delivered,1,3699,4,Not Returned,
ORD00949,C1342,P007,2025-12-15,2025-12-18,In Transit,1,1499,3,Not Returned,
ORD00950,C1232,P005,2025-11-16,2025-11-21,Returned,1,3499,5,Returned,Changed mind
ORD00951,C1000,P008,2025-11-04,2025-11-10,Delivered,1,3699,6,Not Returned,
ORD00952,C1218,P011,2025-10-01,2025-10-09,Delivered,1,2199,8,Not Returned,
ORD00953,C1450,P005,2026-08-18,2026-08-19,Delivered,1,3499,1,Not Returned,
ORD00954,C1454,P006,2025-09-23,,Cancelled,1,2799,,Not Returned,
ORD00955,C1286,P001,2025-10-21,2025-10-23,Delivered,1,2499,2,Not Returned,
ORD00956,C1171,P012,2025-09-29,2025-10-05,Delivered,1,2999,6,Not Returned,
ORD00957,C1389,P004,2026-05-29,2026-05-31,Returned,1,2299,2,Returned,Late delivery
ORD00958,C1027,P004,2026-02-06,2026-02-07,Delivered,1,2299,1,Not Returned,
ORD00959,C1422,P002,2026-03-04,2026-03-06,Delivered,1,3199,2,Not Returned,
ORD00960,C1484,P009,2026-01-22,2026-01-27,Delivered,2,5798,5,Not Returned,
ORD00961,C1147,P012,2025-09-28,2025-10-04,Delivered,2,5998,6,Not Returned,
ORD00962,C1447,P002,2025-10-20,2025-10-22,Delivered,1,3199,2,Not Returned,
ORD00963,C1215,P004,2026-05-19,,Cancelled,1,2299,,Not Returned,
ORD00964,C1446,P008,2026-07-22,2026-07-26,Delivered,1,3699,4,Not Returned,
ORD00965,C1340,P004,2026-05-19,2026-05-22,Delivered,1,2299,3,Not Returned,
ORD00966,C1067,P012,2026-05-24,2026-05-30,Delivered,1,2999,6,Not Returned,
ORD00967,C1075,P005,2025-11-21,2025-11-25,Delivered,2,6998,4,Not Returned,
ORD00968,C1082,P006,2026-01-18,,Cancelled,1,2799,,Not Returned,
ORD00969,C1406,P012,2026-05-27,2026-06-01,Delivered,2,5998,5,Not Returned,
ORD00970,C1294,P003,2025-11-16,2025-11-21,Delivered,3,5997,5,Not Returned,
ORD00971,C1176,P003,2026-04-08,2026-04-11,Delivered,1,1999,3,Not Returned,
ORD00972,C1154,P003,2026-03-04,2026-03-09,Delivered,1,1999,5,Not Returned,
ORD00973,C1279,P002,2025-09-07,2025-09-14,Returned,3,9597,7,Returned,Size issue
ORD00974,C1148,P009,2026-02-11,2026-02-13,Delivered,1,2899,2,Not Returned,
ORD00975,C1245,P010,2026-08-02,2026-08-07,Returned,1,2599,5,Returned,Comfort issue
ORD00976,C1316,P001,2025-11-05,2025-11-06,Delivered,1,2499,1,Not Returned,
ORD00977,C1479,P004,2026-04-11,2026-04-16,Delivered,1,2299,5,Not Returned,
ORD00978,C1346,P005,2025-12-04,2025-12-08,Delivered,2,6998,4,Not Returned,
ORD00979,C1341,P011,2025-10-09,2025-10-11,Delivered,1,2199,2,Not Returned,
ORD00980,C1197,P006,2026-03-17,2026-03-23,Delivered,1,2799,6,Not Returned,
ORD00981,C1110,P006,2025-09-01,2025-09-04,Delivered,1,2799,3,Not Returned,
ORD00982,C1496,P012,2026-04-10,2026-04-16,Returned,2,5998,6,Returned,Comfort issue
ORD00983,C1444,P007,2026-03-26,2026-04-01,Delivered,1,1499,6,Not Returned,
ORD00984,C1192,P009,2026-02-13,,Cancelled,1,2899,,Not Returned,
ORD00985,C1468,P002,2025-08-29,2025-09-01,Delivered,1,3199,3,Not Returned,
ORD00986,C1421,P003,2025-12-06,2025-12-09,Returned,1,1999,3,Returned,Comfort issue
ORD00987,C1078,P005,2026-06-21,2026-06-22,Delivered,2,6998,1,Not Returned,
ORD00988,C1457,P005,2026-01-26,2026-01-30,Returned,1,3499,4,Returned,Comfort issue
ORD00989,C1141,P005,2026-03-27,2026-03-28,Delivered,1,3499,1,Not Returned,
ORD00990,C1289,P008,2025-09-29,2025-10-03,Delivered,1,3699,4,Not Returned,
ORD00991,C1008,P007,2026-01-05,2026-01-07,Returned,1,1499,2,Returned,Comfort issue
ORD00992,C1449,P005,2025-11-17,2025-11-18,Delivered,1,3499,1,Not Returned,
ORD00993,C1182,P012,2025-11-03,2025-11-08,Delivered,2,5998,5,Not Returned,
ORD00994,C1263,P001,2026-01-21,2026-01-27,Delivered,2,4998,6,Not Returned,
ORD00995,C1154,P004,2026-07-13,2026-07-23,Returned,1,2299,10,Returned,Late delivery
ORD00996,C1421,P005,2026-08-11,2026-08-12,Delivered,1,3499,1,Not Returned,
ORD00997,C1466,P003,2025-09-01,2025-09-03,Delivered,1,1999,2,Not Returned,
ORD00998,C1096,P003,2025-10-17,2025-10-21,Delivered,1,1999,4,Not Returned,
ORD00999,C1213,P009,2026-07-06,2026-07-12,Delivered,2,5798,6,Not Returned,
ORD01000,C1159,P008,2025-10-04,2025-10-05,Returned,1,3699,1,Returned,Late delivery
ORD01001,C1175,P012,2026-02-27,2026-03-05,Delivered,1,2999,6,Not Returned,
ORD01002,C1113,P003,2026-08-24,2026-08-25,Delivered,2,3998,1,Not Returned,
ORD01003,C1217,P003,2026-08-16,2026-08-19,Delivered,3,5997,3,Not Returned,
ORD01004,C1220,P012,2025-10-22,2025-10-24,Delivered,1,2999,2,Not Returned,
ORD01005,C1465,P001,2025-12-04,2025-12-11,Delivered,1,2499,7,Not Returned,
ORD01006,C1049,P005,2025-09-17,2025-09-22,Delivered,1,3499,5,Not Returned,
ORD01007,C1382,P002,2026-06-30,2026-07-03,Delivered,1,3199,3,Not Returned,
ORD01008,C1399,P005,2026-06-18,2026-06-21,Delivered,2,6998,3,Not Returned,
ORD01009,C1366,P012,2026-07-05,2026-07-08,Returned,1,2999,3,Returned,Changed mind
ORD01010,C1050,P004,2026-01-17,2026-01-21,Delivered,3,6897,4,Not Returned,
ORD01011,C1181,P004,2026-05-11,,Cancelled,1,2299,,Not Returned,
ORD01012,C1389,P007,2026-03-31,2026-04-06,Delivered,1,1499,6,Not Returned,
ORD01013,C1285,P006,2025-10-28,2025-11-02,Delivered,1,2799,5,Not Returned,
ORD01014,C1145,P012,2025-09-15,2025-09-20,Delivered,1,2999,5,Not Returned,
ORD01015,C1437,P008,2026-06-29,2026-07-01,Delivered,1,3699,2,Not Returned,
ORD01016,C1188,P007,2025-11-30,2025-12-01,Returned,2,2998,1,Returned,Changed mind
ORD01017,C1061,P003,2025-09-01,2025-09-04,Delivered,1,1999,3,Not Returned,
ORD01018,C1379,P003,2026-03-16,2026-03-18,Delivered,3,5997,2,Not Returned,
ORD01019,C1062,P003,2025-09-28,2025-10-04,Delivered,3,5997,6,Not Returned,
ORD01020,C1387,P004,2026-03-31,2026-04-13,Delivered,1,2299,13,Not Returned,
ORD01021,C1393,P011,2026-03-18,2026-03-19,Delivered,1,2199,1,Not Returned,
ORD01022,C1321,P008,2025-10-20,2025-10-24,Delivered,1,3699,4,Not Returned,
ORD01023,C1091,P003,2025-09-10,2025-09-14,Delivered,1,1999,4,Not Returned,
ORD01024,C1049,P007,2026-07-01,2026-07-02,Delivered,1,1499,1,Not Returned,
ORD01025,C1133,P002,2026-07-30,2026-08-03,Delivered,1,3199,4,Not Returned,
ORD01026,C1016,P009,2026-02-17,2026-02-18,Delivered,3,8697,1,Not Returned,
ORD01027,C1090,P007,2025-10-25,2025-10-26,Delivered,1,1499,1,Not Returned,
ORD01028,C1159,P009,2026-07-29,2026-08-03,Returned,1,2899,5,Returned,Size issue
ORD01029,C1276,P012,2026-03-13,2026-03-17,Delivered,1,2999,4,Not Returned,
ORD01030,C1028,P010,2026-04-23,2026-04-24,Delivered,1,2599,1,Not Returned,
ORD01031,C1145,P007,2026-01-07,2026-01-09,Delivered,1,1499,2,Not Returned,
ORD01032,C1187,P006,2025-09-26,2025-09-29,Delivered,1,2799,3,Not Returned,
ORD01033,C1182,P006,2026-06-20,2026-06-24,Delivered,1,2799,4,Not Returned,
ORD01034,C1331,P007,2026-02-21,2026-02-22,Delivered,1,1499,1,Not Returned,
ORD01035,C1010,P005,2026-06-25,2026-06-30,Delivered,1,3499,5,Not Returned,
ORD01036,C1290,P009,2026-02-08,2026-02-12,Delivered,2,5798,4,Not Returned,
ORD01037,C1292,P009,2026-03-29,2026-04-04,Delivered,1,2899,6,Not Returned,
ORD01038,C1353,P007,2026-02-07,2026-02-11,Delivered,1,1499,4,Not Returned,
ORD01039,C1496,P011,2025-12-09,2025-12-10,Delivered,1,2199,1,Not Returned,
ORD01040,C1038,P007,2025-12-07,2025-12-11,Delivered,3,4497,4,Not Returned,
ORD01041,C1319,P009,2025-12-13,2025-12-17,Delivered,2,5798,4,Not Returned,
ORD01042,C1034,P012,2025-10-12,2025-10-18,Delivered,1,2999,6,Not Returned,
ORD01043,C1258,P010,2026-05-24,2026-05-26,Delivered,2,5198,2,Not Returned,
ORD01044,C1128,P005,2026-04-04,2026-04-09,Delivered,1,3499,5,Not Returned,
ORD01045,C1095,P010,2026-05-16,2026-05-19,Returned,1,2599,3,Returned,Quality issue
ORD01046,C1480,P010,2026-05-08,2026-05-10,Delivered,2,5198,2,Not Returned,
ORD01047,C1289,P008,2026-01-10,2026-01-11,Delivered,1,3699,1,Not Returned,
ORD01048,C1075,P012,2026-07-12,2026-07-15,Delivered,1,2999,3,Not Returned,
ORD01049,C1136,P004,2025-11-11,2025-11-16,Returned,2,4598,5,Returned,Late delivery
ORD01050,C1207,P005,2026-07-22,2026-07-24,Delivered,1,3499,2,Not Returned,
ORD01051,C1223,P004,2025-10-23,2025-10-28,Delivered,1,2299,5,Not Returned,
ORD01052,C1014,P007,2026-07-23,2026-07-29,Delivered,1,1499,6,Not Returned,
ORD01053,C1400,P005,2026-01-15,2026-01-16,Delivered,1,3499,1,Not Returned,
ORD01054,C1032,P001,2025-09-23,2025-09-26,Delivered,1,2499,3,Not Returned,
ORD01055,C1292,P007,2026-02-28,2026-03-06,Returned,1,1499,6,Returned,Wrong product
ORD01056,C1486,P012,2026-05-09,2026-05-12,Delivered,2,5998,3,Not Returned,
ORD01057,C1168,P009,2026-01-01,2026-01-06,Delivered,2,5798,5,Not Returned,
ORD01058,C1054,P010,2026-03-13,,Cancelled,1,2599,,Not Returned,
ORD01059,C1191,P003,2025-12-13,2025-12-15,Delivered,1,1999,2,Not Returned,
ORD01060,C1126,P012,2025-10-22,2025-10-27,Delivered,1,2999,5,Not Returned,
ORD01061,C1463,P005,2025-11-08,2025-11-10,Delivered,1,3499,2,Not Returned,
ORD01062,C1122,P010,2025-09-12,2025-09-16,Delivered,2,5198,4,Not Returned,
ORD01063,C1062,P005,2026-06-04,2026-06-06,Delivered,2,6998,2,Not Returned,
ORD01064,C1201,P009,2025-12-25,2026-01-03,Delivered,2,5798,9,Not Returned,
ORD01065,C1082,P005,2026-01-27,2026-02-03,Delivered,2,6998,7,Not Returned,
ORD01066,C1017,P008,2026-07-15,2026-07-18,Returned,1,3699,3,Returned,Changed mind
ORD01067,C1419,P005,2025-10-06,2025-10-08,Returned,2,6998,2,Returned,Changed mind
ORD01068,C1416,P002,2025-11-16,2025-11-20,Delivered,1,3199,4,Not Returned,
ORD01069,C1227,P009,2026-02-09,2026-02-12,Delivered,1,2899,3,Not Returned,
ORD01070,C1042,P011,2025-11-03,2025-11-04,Delivered,1,2199,1,Not Returned,
ORD01071,C1351,P002,2025-11-14,2025-11-15,Delivered,2,6398,1,Not Returned,
ORD01072,C1133,P007,2026-02-05,2026-02-08,Delivered,1,1499,3,Not Returned,
ORD01073,C1093,P003,2026-08-12,2026-08-18,Delivered,1,1999,6,Not Returned,
ORD01074,C1472,P007,2026-03-07,2026-03-08,Delivered,2,2998,1,Not Returned,
ORD01075,C1359,P009,2026-07-23,,Cancelled,1,2899,,Not Returned,
ORD01076,C1076,P003,2025-09-20,2025-09-21,Delivered,1,1999,1,Not Returned,
ORD01077,C1232,P002,2026-03-02,2026-03-07,Delivered,2,6398,5,Not Returned,
ORD01078,C1416,P011,2026-05-06,2026-05-10,Delivered,2,4398,4,Not Returned,
ORD01079,C1421,P005,2026-01-20,2026-01-22,Delivered,1,3499,2,Not Returned,
ORD01080,C1074,P005,2026-08-07,2026-08-13,Delivered,1,3499,6,Not Returned,
ORD01081,C1331,P001,2026-01-21,2026-01-25,Delivered,1,2499,4,Not Returned,
ORD01082,C1498,P008,2025-10-08,2025-10-14,Delivered,2,7398,6,Not Returned,
ORD01083,C1048,P012,2026-03-17,2026-03-20,Delivered,1,2999,3,Not Returned,
ORD01084,C1465,P009,2025-09-25,2025-09-26,Delivered,1,2899,1,Not Returned,
ORD01085,C1195,P006,2026-07-02,2026-07-05,Delivered,1,2799,3,Not Returned,
ORD01086,C1021,P005,2026-03-16,2026-03-17,Delivered,2,6998,1,Not Returned,
ORD01087,C1045,P010,2025-11-25,2025-11-30,Delivered,1,2599,5,Not Returned,
ORD01088,C1160,P006,2026-08-24,2026-08-30,Delivered,1,2799,6,Not Returned,
ORD01089,C1144,P001,2025-10-30,2025-11-06,Delivered,2,4998,7,Not Returned,
ORD01090,C1084,P005,2026-07-05,2026-07-06,Delivered,1,3499,1,Not Returned,
ORD01091,C1096,P006,2026-05-04,2026-05-05,Delivered,1,2799,1,Not Returned,
ORD01092,C1083,P003,2025-09-22,2025-09-24,Delivered,1,1999,2,Not Returned,
ORD01093,C1363,P012,2026-04-22,2026-04-29,Delivered,1,2999,7,Not Returned,
ORD01094,C1443,P009,2026-05-01,2026-05-08,Delivered,2,5798,7,Not Returned,
ORD01095,C1260,P003,2025-10-28,2025-11-05,Delivered,1,1999,8,Not Returned,
ORD01096,C1002,P005,2026-06-10,2026-06-16,Delivered,3,10497,6,Not Returned,
ORD01097,C1454,P009,2026-06-14,2026-06-17,Delivered,1,2899,3,Not Returned,
ORD01098,C1201,P006,2025-09-08,2025-09-12,Delivered,1,2799,4,Not Returned,
ORD01099,C1337,P006,2026-06-24,2026-06-29,Delivered,2,5598,5,Not Returned,
ORD01100,C1002,P008,2026-04-15,,Cancelled,1,3699,,Not Returned,
ORD01101,C1464,P006,2025-09-17,,Cancelled,3,8397,,Not Returned,
ORD01102,C1408,P010,2025-10-31,2025-11-02,Returned,1,2599,2,Returned,Wrong product
ORD01103,C1494,P001,2025-10-01,2025-10-07,Delivered,1,2499,6,Not Returned,
ORD01104,C1145,P007,2025-10-10,2025-10-13,Returned,1,1499,3,Returned,Size issue
ORD01105,C1067,P011,2026-07-26,2026-08-01,Returned,1,2199,6,Returned,Comfort issue
ORD01106,C1453,P006,2026-08-01,2026-08-07,Returned,1,2799,6,Returned,Quality issue
ORD01107,C1314,P007,2026-04-26,2026-04-28,Delivered,2,2998,2,Not Returned,
ORD01108,C1174,P003,2026-04-05,2026-04-08,Delivered,1,1999,3,Not Returned,
ORD01109,C1331,P008,2026-08-07,,Cancelled,1,3699,,Not Returned,
ORD01110,C1410,P009,2025-10-07,2025-10-08,Delivered,1,2899,1,Not Returned,
ORD01111,C1218,P008,2026-01-26,2026-02-02,Delivered,1,3699,7,Not Returned,
ORD01112,C1262,P005,2026-06-13,2026-06-17,Delivered,2,6998,4,Not Returned,
ORD01113,C1393,P002,2026-05-14,2026-05-16,Returned,1,3199,2,Returned,Size issue
ORD01114,C1402,P009,2025-09-03,2025-09-08,Delivered,1,2899,5,Not Returned,
ORD01115,C1232,P003,2026-03-15,2026-03-23,Delivered,1,1999,8,Not Returned,
ORD01116,C1414,P011,2026-04-13,2026-04-19,Delivered,2,4398,6,Not Returned,
ORD01117,C1222,P003,2025-12-12,2025-12-22,Delivered,1,1999,10,Not Returned,
ORD01118,C1335,P009,2025-09-04,2025-09-11,Delivered,1,2899,7,Not Returned,
ORD01119,C1316,P008,2026-04-18,2026-04-26,Delivered,1,3699,8,Not Returned,
ORD01120,C1097,P010,2026-02-26,2026-02-27,Returned,1,2599,1,Returned,Size issue
ORD01121,C1320,P002,2025-09-03,2025-09-08,Delivered,1,3199,5,Not Returned,
ORD01122,C1242,P009,2025-12-01,2025-12-04,Delivered,1,2899,3,Not Returned,
ORD01123,C1241,P007,2025-09-06,2025-09-11,Delivered,3,4497,5,Not Returned,
ORD01124,C1424,P001,2026-04-13,2026-04-18,Delivered,1,2499,5,Not Returned,
ORD01125,C1434,P007,2025-09-21,2025-09-28,Delivered,3,4497,7,Not Returned,
ORD01126,C1018,P008,2026-06-18,2026-06-22,Delivered,3,11097,4,Not Returned,
ORD01127,C1444,P008,2026-03-18,,Cancelled,2,7398,,Not Returned,
ORD01128,C1161,P008,2025-12-22,2025-12-26,Delivered,1,3699,4,Not Returned,
ORD01129,C1480,P009,2025-09-27,2025-10-03,Delivered,1,2899,6,Not Returned,
ORD01130,C1098,P011,2026-02-19,2026-02-22,Delivered,1,2199,3,Not Returned,
ORD01131,C1431,P008,2026-02-18,2026-02-22,Returned,1,3699,4,Returned,Comfort issue
ORD01132,C1364,P012,2026-07-28,2026-08-03,Delivered,1,2999,6,Not Returned,
ORD01133,C1318,P007,2026-03-27,2026-03-31,Delivered,2,2998,4,Not Returned,
ORD01134,C1310,P004,2026-01-17,2026-01-18,Delivered,1,2299,1,Not Returned,
ORD01135,C1009,P008,2025-10-16,2025-10-22,Delivered,1,3699,6,Not Returned,
ORD01136,C1440,P006,2026-01-06,2026-01-09,Delivered,1,2799,3,Not Returned,
ORD01137,C1249,P009,2025-09-11,2025-09-14,Delivered,1,2899,3,Not Returned,
ORD01138,C1285,P005,2026-02-16,2026-02-21,Delivered,1,3499,5,Not Returned,
ORD01139,C1409,P005,2025-11-11,2025-11-14,Delivered,2,6998,3,Not Returned,
ORD01140,C1439,P008,2025-10-21,2025-10-24,Delivered,1,3699,3,Not Returned,
ORD01141,C1372,P002,2026-06-09,2026-06-12,Delivered,1,3199,3,Not Returned,
ORD01142,C1445,P005,2026-08-23,2026-08-27,Delivered,1,3499,4,Not Returned,
ORD01143,C1393,P002,2025-11-12,2025-11-13,Delivered,3,9597,1,Not Returned,
ORD01144,C1043,P001,2025-12-29,2026-01-05,Delivered,1,2499,7,Not Returned,
ORD01145,C1215,P005,2026-03-04,2026-03-06,Delivered,1,3499,2,Not Returned,
ORD01146,C1436,P004,2025-11-04,2025-11-10,Delivered,1,2299,6,Not Returned,
ORD01147,C1264,P009,2026-08-10,2026-08-16,Delivered,1,2899,6,Not Returned,
ORD01148,C1031,P002,2025-10-08,2025-10-11,In Transit,1,3199,3,Not Returned,
ORD01149,C1409,P007,2025-09-13,,Cancelled,3,4497,,Not Returned,
ORD01150,C1369,P011,2026-05-19,2026-05-25,Returned,2,4398,6,Returned,Wrong product
ORD01151,C1358,P012,2026-02-02,2026-02-08,Delivered,2,5998,6,Not Returned,
ORD01152,C1403,P007,2026-04-11,2026-04-15,Delivered,1,1499,4,Not Returned,
ORD01153,C1101,P010,2026-07-25,2026-07-28,Delivered,1,2599,3,Not Returned,
ORD01154,C1368,P005,2025-10-08,2025-10-09,Delivered,1,3499,1,Not Returned,
ORD01155,C1266,P012,2025-10-29,2025-11-04,Delivered,1,2999,6,Not Returned,
ORD01156,C1276,P006,2026-07-17,2026-07-21,Delivered,2,5598,4,Not Returned,
ORD01157,C1374,P010,2026-01-05,2026-01-10,Delivered,1,2599,5,Not Returned,
ORD01158,C1024,P001,2026-03-04,2026-03-06,Delivered,1,2499,2,Not Returned,
ORD01159,C1297,P011,2025-10-28,2025-10-31,In Transit,2,4398,3,Not Returned,
ORD01160,C1341,P010,2026-07-13,2026-07-20,Returned,1,2599,7,Returned,Size issue
ORD01161,C1298,P012,2026-06-15,2026-06-18,Delivered,1,2999,3,Not Returned,
ORD01162,C1047,P004,2026-02-26,2026-03-08,Delivered,1,2299,10,Not Returned,
ORD01163,C1301,P001,2026-03-31,2026-04-02,Delivered,1,2499,2,Not Returned,
ORD01164,C1225,P009,2026-05-18,2026-05-22,Returned,1,2899,4,Returned,Comfort issue
ORD01165,C1066,P012,2026-05-03,2026-05-08,Delivered,1,2999,5,Not Returned,
ORD01166,C1242,P012,2026-05-15,2026-05-18,Delivered,1,2999,3,Not Returned,
ORD01167,C1061,P001,2025-11-14,2025-11-15,Delivered,1,2499,1,Not Returned,
ORD01168,C1190,P006,2026-06-14,2026-06-22,Delivered,1,2799,8,Not Returned,
ORD01169,C1215,P005,2026-03-05,2026-03-09,Delivered,2,6998,4,Not Returned,
ORD01170,C1250,P001,2026-01-29,2026-02-03,Delivered,2,4998,5,Not Returned,
ORD01171,C1289,P001,2025-10-27,2025-10-28,Delivered,1,2499,1,Not Returned,
ORD01172,C1310,P008,2026-02-14,2026-02-22,Delivered,1,3699,8,Not Returned,
ORD01173,C1372,P003,2025-11-04,2025-11-06,Delivered,1,1999,2,Not Returned,
ORD01174,C1119,P006,2025-10-10,2025-10-11,Delivered,1,2799,1,Not Returned,
ORD01175,C1045,P007,2026-02-15,2026-02-22,Delivered,1,1499,7,Not Returned,
ORD01176,C1362,P003,2026-08-23,2026-08-28,Delivered,2,3998,5,Not Returned,
ORD01177,C1295,P005,2026-06-09,2026-06-15,Delivered,1,3499,6,Not Returned,
ORD01178,C1459,P001,2026-06-13,2026-06-19,Delivered,1,2499,6,Not Returned,
ORD01179,C1125,P001,2025-10-26,2025-10-31,Delivered,2,4998,5,Not Returned,
ORD01180,C1164,P012,2026-06-18,2026-06-21,Delivered,1,2999,3,Not Returned,
ORD01181,C1012,P007,2026-06-23,2026-06-24,Delivered,1,1499,1,Not Returned,
ORD01182,C1050,P009,2026-02-04,2026-02-08,Delivered,1,2899,4,Not Returned,
ORD01183,C1208,P009,2025-11-20,2025-11-25,Delivered,1,2899,5,Not Returned,
ORD01184,C1029,P011,2025-11-20,2025-11-25,Delivered,1,2199,5,Not Returned,
ORD01185,C1423,P005,2026-03-13,2026-03-16,Delivered,1,3499,3,Not Returned,
ORD01186,C1260,P002,2025-09-21,2025-09-27,Delivered,1,3199,6,Not Returned,
ORD01187,C1014,P009,2026-03-11,2026-03-15,Delivered,1,2899,4,Not Returned,
ORD01188,C1300,P007,2026-07-16,2026-07-22,Returned,1,1499,6,Returned,Size issue
ORD01189,C1325,P011,2025-10-16,2025-10-28,Delivered,1,2199,12,Not Returned,
ORD01190,C1400,P009,2025-12-08,2025-12-09,Delivered,3,8697,1,Not Returned,
ORD01191,C1148,P004,2026-05-28,2026-06-14,Delivered,2,4598,17,Not Returned,
ORD01192,C1348,P011,2025-11-19,2025-11-29,Delivered,1,2199,10,Not Returned,
ORD01193,C1273,P007,2026-02-21,2026-02-26,Delivered,1,1499,5,Not Returned,
ORD01194,C1425,P010,2025-09-30,2025-10-08,Delivered,1,2599,8,Not Returned,
ORD01195,C1452,P003,2026-06-06,2026-06-11,Delivered,2,3998,5,Not Returned,
ORD01196,C1125,P011,2026-02-17,2026-02-20,Delivered,1,2199,3,Not Returned,
ORD01197,C1311,P011,2026-02-06,2026-02-11,Returned,2,4398,5,Returned,Size issue
ORD01198,C1458,P008,2025-08-28,2025-09-06,Delivered,1,3699,9,Not Returned,
ORD01199,C1039,P012,2026-08-21,2026-08-25,Delivered,1,2999,4,Not Returned,
ORD01200,C1416,P009,2025-09-10,2025-09-11,Delivered,1,2899,1,Not Returned,
ORD01201,C1189,P007,2026-06-29,2026-06-30,Returned,1,1499,1,Returned,Late delivery
ORD01202,C1363,P004,2026-04-10,2026-04-21,Delivered,1,2299,11,Not Returned,
ORD01203,C1495,P006,2025-12-02,2025-12-07,Returned,3,8397,5,Returned,Size issue
ORD01204,C1310,P006,2025-09-13,2025-09-14,Delivered,1,2799,1,Not Returned,
ORD01205,C1282,P004,2025-08-29,2025-09-11,Delivered,1,2299,13,Not Returned,
ORD01206,C1301,P004,2026-07-29,2026-08-02,Delivered,1,2299,4,Not Returned,
ORD01207,C1400,P003,2025-09-28,2025-10-02,Delivered,1,1999,4,Not Returned,
ORD01208,C1272,P005,2025-12-02,2025-12-09,In Transit,1,3499,7,Not Returned,
ORD01209,C1332,P010,2026-01-02,2026-01-06,Delivered,1,2599,4,Not Returned,
ORD01210,C1265,P001,2026-02-07,2026-02-11,Returned,1,2499,4,Returned,Quality issue
ORD01211,C1470,P008,2026-05-06,2026-05-09,Delivered,1,3699,3,Not Returned,
ORD01212,C1171,P007,2026-05-25,2026-05-29,Delivered,1,1499,4,Not Returned,
ORD01213,C1100,P002,2026-06-14,,Cancelled,2,6398,,Not Returned,
ORD01214,C1014,P003,2026-02-10,2026-02-14,Delivered,1,1999,4,Not Returned,
ORD01215,C1055,P008,2026-04-04,2026-04-05,Delivered,1,3699,1,Not Returned,
ORD01216,C1121,P008,2025-12-26,2025-12-28,Returned,1,3699,2,Returned,Wrong product
ORD01217,C1469,P002,2026-06-29,2026-07-02,Delivered,3,9597,3,Not Returned,
ORD01218,C1031,P001,2026-03-07,2026-03-11,Returned,2,4998,4,Returned,Quality issue
ORD01219,C1026,P008,2025-09-23,2025-09-25,Delivered,1,3699,2,Not Returned,
ORD01220,C1119,P005,2026-03-09,2026-03-12,Delivered,1,3499,3,Not Returned,
ORD01221,C1317,P010,2026-07-29,2026-08-04,Delivered,2,5198,6,Not Returned,
ORD01222,C1168,P002,2026-02-15,2026-02-19,Delivered,1,3199,4,Not Returned,
ORD01223,C1099,P010,2025-12-02,2025-12-08,Delivered,2,5198,6,Not Returned,
ORD01224,C1246,P010,2025-10-29,2025-11-04,Delivered,1,2599,6,Not Returned,
ORD01225,C1299,P012,2026-07-09,2026-07-13,Delivered,1,2999,4,Not Returned,
ORD01226,C1453,P007,2026-05-15,2026-05-20,Delivered,1,1499,5,Not Returned,
ORD01227,C1265,P009,2025-11-08,2025-11-09,Delivered,3,8697,1,Not Returned,
ORD01228,C1427,P010,2026-07-28,2026-08-02,Delivered,1,2599,5,Not Returned,
ORD01229,C1035,P009,2025-09-22,2025-09-23,Delivered,1,2899,1,Not Returned,
ORD01230,C1307,P006,2025-11-30,2025-12-09,Delivered,3,8397,9,Not Returned,
ORD01231,C1053,P012,2026-02-11,2026-02-13,Delivered,1,2999,2,Not Returned,
ORD01232,C1114,P008,2025-09-16,2025-09-19,Delivered,1,3699,3,Not Returned,
ORD01233,C1169,P012,2025-12-21,2025-12-24,Delivered,3,8997,3,Not Returned,
ORD01234,C1003,P012,2026-03-06,2026-03-09,Delivered,2,5998,3,Not Returned,
ORD01235,C1323,P006,2025-08-31,2025-09-02,Delivered,1,2799,2,Not Returned,
ORD01236,C1145,P010,2026-02-26,,Cancelled,1,2599,,Not Returned,
ORD01237,C1011,P003,2025-12-16,2025-12-20,Delivered,1,1999,4,Not Returned,
ORD01238,C1194,P003,2026-01-07,2026-01-09,Delivered,1,1999,2,Not Returned,
ORD01239,C1409,P011,2025-10-21,2025-10-27,Returned,2,4398,6,Returned,Wrong product
ORD01240,C1066,P010,2026-04-05,2026-04-08,Delivered,2,5198,3,Not Returned,
ORD01241,C1023,P004,2025-12-02,,Cancelled,1,2299,,Not Returned,
ORD01242,C1126,P010,2026-06-22,2026-06-27,Returned,1,2599,5,Returned,Size issue
ORD01243,C1107,P001,2026-07-14,,Cancelled,2,4998,,Not Returned,
ORD01244,C1085,P012,2025-10-06,2025-10-07,Delivered,1,2999,1,Not Returned,
ORD01245,C1364,P009,2026-03-12,2026-03-16,Delivered,1,2899,4,Not Returned,
ORD01246,C1137,P006,2026-05-22,2026-05-24,Delivered,1,2799,2,Not Returned,
ORD01247,C1103,P010,2026-03-19,2026-03-26,Delivered,1,2599,7,Not Returned,
ORD01248,C1193,P008,2025-12-24,2025-12-27,Delivered,1,3699,3,Not Returned,
ORD01249,C1265,P010,2025-11-14,2025-11-18,Delivered,1,2599,4,Not Returned,
ORD01250,C1172,P006,2025-12-21,2025-12-26,Delivered,1,2799,5,Not Returned,
ORD01251,C1012,P007,2026-04-13,2026-04-15,Delivered,1,1499,2,Not Returned,
ORD01252,C1461,P003,2026-04-09,2026-04-14,Delivered,1,1999,5,Not Returned,
ORD01253,C1019,P002,2026-01-23,2026-01-24,Returned,1,3199,1,Returned,Size issue
ORD01254,C1154,P009,2025-12-06,2025-12-10,Delivered,1,2899,4,Not Returned,
ORD01255,C1366,P012,2026-08-10,2026-08-15,Delivered,2,5998,5,Not Returned,
ORD01256,C1421,P012,2026-05-31,2026-06-07,Delivered,1,2999,7,Not Returned,
ORD01257,C1389,P006,2026-03-20,2026-03-26,Delivered,1,2799,6,Not Returned,
ORD01258,C1242,P003,2026-03-17,2026-03-18,Delivered,1,1999,1,Not Returned,
ORD01259,C1160,P004,2026-05-17,2026-05-22,Delivered,2,4598,5,Not Returned,
ORD01260,C1447,P004,2026-04-02,2026-04-10,Returned,1,2299,8,Returned,Size issue
ORD01261,C1217,P003,2026-01-29,2026-01-30,Delivered,1,1999,1,Not Returned,
ORD01262,C1016,P011,2026-03-20,2026-03-24,Delivered,1,2199,4,Not Returned,
ORD01263,C1195,P003,2025-11-12,2025-11-13,Returned,1,1999,1,Returned,Quality issue
ORD01264,C1291,P004,2026-03-14,2026-03-16,Delivered,1,2299,2,Not Returned,
ORD01265,C1352,P008,2026-07-19,2026-07-24,Delivered,1,3699,5,Not Returned,
ORD01266,C1493,P010,2026-05-03,2026-05-08,Delivered,1,2599,5,Not Returned,
ORD01267,C1265,P007,2026-01-18,2026-01-22,Delivered,1,1499,4,Not Returned,
ORD01268,C1056,P001,2025-11-21,2025-11-28,Returned,1,2499,7,Returned,Quality issue
ORD01269,C1066,P003,2026-05-27,,Cancelled,2,3998,,Not Returned,
ORD01270,C1294,P004,2026-01-31,2026-02-04,Delivered,1,2299,4,Not Returned,
ORD01271,C1073,P005,2026-06-22,2026-06-23,Delivered,1,3499,1,Not Returned,
ORD01272,C1168,P008,2025-09-27,2025-10-01,Delivered,1,3699,4,Not Returned,
ORD01273,C1470,P010,2026-05-04,2026-05-07,Delivered,1,2599,3,Not Returned,
ORD01274,C1435,P008,2026-02-19,2026-02-23,Delivered,2,7398,4,Not Returned,
ORD01275,C1337,P003,2026-03-26,2026-03-31,Delivered,1,1999,5,Not Returned,
ORD01276,C1022,P003,2026-08-18,2026-08-25,Delivered,1,1999,7,Not Returned,
ORD01277,C1461,P004,2025-11-14,2025-11-20,Delivered,1,2299,6,Not Returned,
ORD01278,C1039,P004,2026-05-05,2026-05-07,Delivered,3,6897,2,Not Returned,
ORD01279,C1327,P002,2026-05-11,2026-05-14,Delivered,1,3199,3,Not Returned,
ORD01280,C1438,P012,2026-08-06,2026-08-11,Delivered,1,2999,5,Not Returned,
ORD01281,C1248,P004,2026-03-17,2026-03-22,Delivered,1,2299,5,Not Returned,
ORD01282,C1486,P008,2025-09-29,2025-10-03,Delivered,1,3699,4,Not Returned,
ORD01283,C1051,P008,2025-11-05,2025-11-11,Delivered,1,3699,6,Not Returned,
ORD01284,C1039,P003,2026-01-23,2026-01-24,Delivered,1,1999,1,Not Returned,
ORD01285,C1110,P011,2025-08-31,2025-09-05,Delivered,1,2199,5,Not Returned,
ORD01286,C1366,P008,2026-08-17,2026-08-23,Returned,1,3699,6,Returned,Wrong product
ORD01287,C1103,P011,2025-10-17,2025-10-20,Delivered,1,2199,3,Not Returned,
ORD01288,C1172,P004,2026-03-05,2026-03-11,Delivered,3,6897,6,Not Returned,
ORD01289,C1212,P004,2026-08-09,2026-08-14,Returned,1,2299,5,Returned,Size issue
ORD01290,C1319,P009,2025-10-20,2025-10-28,Delivered,1,2899,8,Not Returned,
ORD01291,C1334,P004,2026-05-30,2026-06-10,Delivered,1,2299,11,Not Returned,
ORD01292,C1336,P006,2025-09-01,2025-09-05,Delivered,1,2799,4,Not Returned,
ORD01293,C1306,P005,2026-07-24,2026-07-27,Delivered,1,3499,3,Not Returned,
ORD01294,C1291,P008,2025-10-17,2025-10-22,Delivered,2,7398,5,Not Returned,
ORD01295,C1497,P003,2026-01-01,2026-01-02,Delivered,1,1999,1,Not Returned,
ORD01296,C1352,P012,2025-11-02,2025-11-03,Delivered,1,2999,1,Not Returned,
ORD01297,C1379,P006,2026-08-02,2026-08-06,Returned,1,2799,4,Returned,Quality issue
ORD01298,C1388,P004,2026-05-10,2026-05-14,Delivered,1,2299,4,Not Returned,
ORD01299,C1151,P002,2026-01-31,2026-02-04,Delivered,1,3199,4,Not Returned,
ORD01300,C1484,P004,2025-11-11,2025-11-16,Delivered,1,2299,5,Not Returned,
ORD01301,C1212,P008,2026-02-10,2026-02-13,Delivered,1,3699,3,Not Returned,
ORD01302,C1105,P011,2026-01-20,2026-01-27,Delivered,1,2199,7,Not Returned,
ORD01303,C1266,P009,2025-09-22,2025-09-27,Delivered,2,5798,5,Not Returned,
ORD01304,C1251,P006,2025-11-27,2025-11-28,Delivered,1,2799,1,Not Returned,
ORD01305,C1425,P002,2025-12-02,2025-12-05,Delivered,1,3199,3,Not Returned,
ORD01306,C1101,P004,2025-12-24,2026-01-05,Delivered,1,2299,12,Not Returned,
ORD01307,C1441,P004,2026-03-31,,Cancelled,1,2299,,Not Returned,
ORD01308,C1225,P008,2025-10-05,2025-10-08,Delivered,1,3699,3,Not Returned,
ORD01309,C1195,P007,2026-05-11,2026-05-15,Returned,1,1499,4,Returned,Changed mind
ORD01310,C1372,P007,2025-10-07,2025-10-08,Delivered,1,1499,1,Not Returned,
ORD01311,C1036,P003,2026-01-04,2026-01-06,Delivered,1,1999,2,Not Returned,
ORD01312,C1002,P006,2025-11-03,2025-11-08,Delivered,2,5598,5,Not Returned,
ORD01313,C1191,P001,2026-05-09,,Cancelled,3,7497,,Not Returned,
ORD01314,C1209,P007,2026-05-03,2026-05-07,Delivered,1,1499,4,Not Returned,
ORD01315,C1394,P001,2025-10-28,2025-11-02,Delivered,3,7497,5,Not Returned,
ORD01316,C1188,P012,2026-02-20,2026-02-23,Delivered,1,2999,3,Not Returned,
ORD01317,C1471,P012,2025-09-24,2025-09-26,Delivered,1,2999,2,Not Returned,
ORD01318,C1133,P006,2026-07-15,2026-07-21,Delivered,1,2799,6,Not Returned,
ORD01319,C1006,P010,2026-04-16,,Cancelled,2,5198,,Not Returned,
ORD01320,C1498,P002,2025-10-12,2025-10-19,Delivered,1,3199,7,Not Returned,
ORD01321,C1272,P002,2026-05-18,2026-05-23,Delivered,1,3199,5,Not Returned,
ORD01322,C1372,P011,2026-03-09,2026-03-12,Delivered,2,4398,3,Not Returned,
ORD01323,C1383,P002,2025-10-20,2025-10-21,Delivered,1,3199,1,Not Returned,
ORD01324,C1251,P007,2026-08-18,2026-08-20,Delivered,1,1499,2,Not Returned,
ORD01325,C1220,P001,2025-10-14,2025-10-18,Delivered,1,2499,4,Not Returned,
ORD01326,C1249,P003,2025-11-24,2025-11-26,Delivered,1,1999,2,Not Returned,
ORD01327,C1093,P003,2026-05-10,2026-05-11,Delivered,1,1999,1,Not Returned,
ORD01328,C1040,P004,2026-01-05,2026-01-10,Returned,1,2299,5,Returned,Size issue
ORD01329,C1248,P005,2025-10-08,2025-10-13,Delivered,1,3499,5,Not Returned,
ORD01330,C1404,P011,2025-10-16,,Cancelled,1,2199,,Not Returned,
ORD01331,C1389,P001,2025-10-14,2025-10-18,Delivered,3,7497,4,Not Returned,
ORD01332,C1172,P005,2026-05-01,2026-05-05,Delivered,1,3499,4,Not Returned,
ORD01333,C1193,P006,2026-08-10,,Cancelled,1,2799,,Not Returned,
ORD01334,C1445,P010,2025-09-24,2025-09-28,Returned,1,2599,4,Returned,Wrong product
ORD01335,C1384,P012,2026-03-19,2026-03-24,Delivered,3,8997,5,Not Returned,
ORD01336,C1211,P004,2026-03-02,2026-03-06,Delivered,1,2299,4,Not Returned,
ORD01337,C1023,P011,2025-11-30,2025-12-10,Delivered,1,2199,10,Not Returned,
ORD01338,C1378,P012,2026-02-08,2026-02-12,Delivered,1,2999,4,Not Returned,
ORD01339,C1438,P010,2025-10-06,,Cancelled,3,7797,,Not Returned,
ORD01340,C1073,P012,2025-10-16,2025-10-22,Delivered,1,2999,6,Not Returned,
ORD01341,C1280,P009,2026-06-14,2026-06-21,Delivered,2,5798,7,Not Returned,
ORD01342,C1276,P008,2025-11-20,,Cancelled,1,3699,,Not Returned,
ORD01343,C1014,P004,2025-12-28,2026-01-04,Delivered,3,6897,7,Not Returned,
ORD01344,C1131,P003,2026-02-09,2026-02-18,Delivered,1,1999,9,Not Returned,
ORD01345,C1170,P011,2026-04-26,2026-04-27,Delivered,2,4398,1,Not Returned,
ORD01346,C1376,P004,2026-06-16,2026-06-23,Delivered,1,2299,7,Not Returned,
ORD01347,C1059,P012,2026-03-09,2026-03-11,Returned,1,2999,2,Returned,Changed mind
ORD01348,C1479,P005,2025-10-09,2025-10-11,Delivered,1,3499,2,Not Returned,
ORD01349,C1031,P004,2025-10-24,2025-10-25,Delivered,1,2299,1,Not Returned,
ORD01350,C1186,P010,2026-05-27,2026-06-03,Returned,1,2599,7,Returned,Late delivery
ORD01351,C1074,P011,2025-10-29,2025-11-04,Delivered,1,2199,6,Not Returned,
ORD01352,C1145,P005,2025-12-16,2025-12-17,Delivered,1,3499,1,Not Returned,
ORD01353,C1434,P003,2026-08-01,2026-08-03,In Transit,1,1999,2,Not Returned,
ORD01354,C1149,P012,2026-06-15,2026-06-18,Delivered,1,2999,3,Not Returned,
ORD01355,C1414,P012,2026-03-06,2026-03-12,Returned,1,2999,6,Returned,Size issue
ORD01356,C1372,P004,2026-08-19,2026-08-23,Delivered,2,4598,4,Not Returned,
ORD01357,C1178,P007,2026-01-26,2026-02-02,Delivered,1,1499,7,Not Returned,
ORD01358,C1356,P007,2026-03-14,2026-03-18,Delivered,1,1499,4,Not Returned,
ORD01359,C1435,P004,2026-08-19,2026-08-22,Delivered,2,4598,3,Not Returned,
ORD01360,C1226,P012,2026-01-28,2026-02-02,Delivered,1,2999,5,Not Returned,
ORD01361,C1185,P012,2026-04-30,2026-05-05,Returned,1,2999,5,Returned,Size issue
ORD01362,C1075,P012,2026-06-16,2026-06-19,Delivered,3,8997,3,Not Returned,
ORD01363,C1026,P007,2026-04-01,,Cancelled,1,1499,,Not Returned,
ORD01364,C1369,P002,2026-05-16,2026-05-20,Delivered,1,3199,4,Not Returned,
ORD01365,C1088,P007,2025-12-29,2026-01-04,Delivered,1,1499,6,Not Returned,
ORD01366,C1334,P011,2026-03-06,2026-03-19,Returned,1,2199,13,Returned,Changed mind
ORD01367,C1260,P008,2026-03-02,2026-03-07,Delivered,1,3699,5,Not Returned,
ORD01368,C1381,P004,2025-09-06,2025-09-11,Delivered,1,2299,5,Not Returned,
ORD01369,C1166,P002,2026-06-25,2026-06-26,Delivered,1,3199,1,Not Returned,
ORD01370,C1418,P002,2026-05-28,2026-06-08,Delivered,1,3199,11,Not Returned,
ORD01371,C1333,P009,2026-05-24,2026-06-01,Delivered,2,5798,8,Not Returned,
ORD01372,C1092,P002,2025-12-10,2025-12-16,Delivered,1,3199,6,Not Returned,
ORD01373,C1082,P001,2026-06-06,2026-06-10,Delivered,1,2499,4,Not Returned,
ORD01374,C1259,P002,2026-06-09,2026-06-12,Delivered,3,9597,3,Not Returned,
ORD01375,C1023,P005,2026-02-28,2026-03-07,Delivered,1,3499,7,Not Returned,
ORD01376,C1251,P009,2026-01-23,2026-02-01,Delivered,1,2899,9,Not Returned,
ORD01377,C1352,P012,2026-02-02,2026-02-12,Delivered,1,2999,10,Not Returned,
ORD01378,C1426,P002,2026-07-31,2026-08-01,Delivered,1,3199,1,Not Returned,
ORD01379,C1130,P004,2025-11-02,2025-11-12,Delivered,1,2299,10,Not Returned,
ORD01380,C1130,P005,2026-03-09,2026-03-12,Returned,1,3499,3,Returned,Comfort issue
ORD01381,C1098,P011,2026-03-31,2026-04-03,In Transit,1,2199,3,Not Returned,
ORD01382,C1309,P012,2026-03-04,2026-03-08,Delivered,2,5998,4,Not Returned,
ORD01383,C1126,P003,2026-03-28,2026-03-30,Delivered,3,5997,2,Not Returned,
ORD01384,C1168,P002,2026-01-11,2026-01-19,Delivered,1,3199,8,Not Returned,
ORD01385,C1193,P011,2025-10-10,2025-10-27,Delivered,1,2199,17,Not Returned,
ORD01386,C1448,P004,2026-03-07,2026-03-09,Delivered,1,2299,2,Not Returned,
ORD01387,C1138,P005,2026-06-23,2026-06-29,Delivered,1,3499,6,Not Returned,
ORD01388,C1199,P010,2025-10-15,2025-10-20,Delivered,2,5198,5,Not Returned,
ORD01389,C1132,P003,2026-02-18,2026-02-19,Delivered,1,1999,1,Not Returned,
ORD01390,C1073,P001,2026-08-12,2026-08-15,Delivered,1,2499,3,Not Returned,
ORD01391,C1127,P007,2026-06-12,,Cancelled,1,1499,,Not Returned,
ORD01392,C1408,P011,2026-07-03,2026-07-08,Delivered,3,6597,5,Not Returned,
ORD01393,C1416,P008,2026-05-10,,Cancelled,2,7398,,Not Returned,
ORD01394,C1160,P004,2026-01-29,,Cancelled,1,2299,,Not Returned,
ORD01395,C1146,P002,2026-07-16,2026-07-21,Delivered,1,3199,5,Not Returned,
ORD01396,C1260,P009,2026-05-05,,Cancelled,1,2899,,Not Returned,
ORD01397,C1063,P012,2025-11-03,2025-11-04,Delivered,1,2999,1,Not Returned,
ORD01398,C1003,P007,2025-09-02,2025-09-06,Delivered,2,2998,4,Not Returned,
ORD01399,C1421,P012,2026-03-31,2026-04-04,Delivered,3,8997,4,Not Returned,
ORD01400,C1086,P009,2026-08-11,2026-08-13,Delivered,1,2899,2,Not Returned,
